A. Abdennour,27,Tunisia,77,Olympique de Marseille,€8.5M,€31K
A. Acquah,25,Ghana,74,Torino,€7M,€37K
A. Adomah,29,Ghana,74,Aston Villa,€5.5M,€37K
A. Ahamada,25,Comoros,70,Kayserispor,€1.5M,€8K
A. Ajagun,25,Nigeria,68,KV Kortrijk,€1.1M,€9K
A. Akaichi,28,Tunisia,71,Al Ittihad,€2.4M,€29K
A. Alégué,20,Cameroon,61,FC Nantes,€350K,€4K
A. Annan,30,Ghana,65,HJK Helsinki,€400K,€1K
A. Askar,31,Ethiopia,67,Sarpsborg 08 FF,€675K,€3K
A. Ayew,27,Ghana,79,West Ham United,€13M,€110K
A. Azbague,22,Morocco,57,Valenciennes FC,€170K,€1K
A. Ba,23,Mauritania,63,AJ Auxerre,€425K,€1K
A. Ba,26,Senegal,74,Rayo Vallecano,€5.5M,€11K
A. Baba,22,Ghana,77,Chelsea,€10.5M,€80K
A. Baby,28,Senegal,71,Sporting Charleroi,€2.4M,€12K
A. Badji,19,Senegal,60,Djurgårdens IF,€325K,€1K
A. Bakayoko,21,Sierra Leone,64,Walsall,€825K,€3K
A. Bala,20,Nigeria,62,SV Zulte-Waregem,€500K,€3K
A. Bangoura,25,Guinea,70,Rayo Vallecano,€2.2M,€8K
A. Benali,25,Libya,72,Pescara,€3.9M,€4K
A. Benchaib,19,Morocco,61,Sporting Lokeren,€475K,€2K
A. Biyogo Poko,24,Gabon,72,Kardemir Karabükspor,€4M,€10K
A. Bouhaddouz,30,Morocco,73,FC St. Pauli,€3.9M,€21K
A. Bouka Moutou,28,Congo,70,Dijon FCO,€1.4M,€13K
A. Bouka Moutou,28,Congo,70,Dijon FCO,€1.4M,€13K
A. Bouka Moutou,28,Congo,70,Dijon FCO,€1.4M,€13K
A. Bouka Moutou,28,Congo,70,Dijon FCO,€1.4M,€13K
A. Camara,27,Guinea,71,En Avant de Guingamp,€2.5M,€18K
A. Chahechouhe,30,Morocco,76,Fenerbahçe SK,€7.5M,€66K
A. Chedjou,32,Cameroon,77,İstanbul Başakşehir FK,€5M,€27K
A. Coly,24,Senegal,63,Kristiansund BK,€400K,€1K
A. Danladi,21,Ghana,64,Minnesota Thunder,€650K,€2K
A. Diaby,26,Mali,72,Club Brugge KV,€3.7M,€17K
A. Diakhate,18,Senegal,56,Fiorentina,€180K,€4K
A. Diallo,25,Senegal,70,Stade Rennais FC,€1.7M,€12K
A. Diawara,19,Guinea,77,Napoli,€12M,€30K
A. Diop,25,Senegal,64,Kristiansund BK,€600K,€2K
A. Dioussé,19,Senegal,71,AS Saint-Étienne,€3.7M,€13K
A. Dona Ndoh,31,Cameroon,66,Chamois Niortais FC,€575K,€3K
A. Doukha,30,Algeria,65,Ohod Club,€350K,€5K
A. Duiedar,29,Egypt,69,,€0,
A. Duiedar,29,Egypt,69,,€0,€0.00
A. Duncan,24,Ghana,76,Sassuolo,€10.5M,€47K
A. El Messaoudi,21,Morocco,69,KV Mechelen,€1.3M,€7K
A. El-Abd,32,Egypt,65,Wycombe Wanderers,€300K,€5K
A. El-Said,31,Egypt,68,,€0,
A. El-Shenawy,26,Egypt,73,,€0,
A. El-Said,31,Egypt,68,,€0,€0.00
A. El-Shenawy,26,Egypt,73,,€0,€0.00
A. Elmohamady,29,Egypt,72,Aston Villa,€2.4M,€24K
A. Esiti,23,Nigeria,73,KAA Gent,€4.5M,€17K
A. Fathi,32,Egypt,67,,€0,
A. Fathi,32,Egypt,67,,€0,€0.00
A. Gabr,30,Egypt,67,,€0,
A. Gabr,30,Egypt,67,,€0,€0.00
A. Gcaba,31,South Africa,70,Orlando Pirates,€1.2M,€1K
A. Gero,23,Nigeria,64,Östersunds FK,€625K,€2K
A. Ghazal,25,Egypt,73,Vancouver Whitecaps FC,€4.1M,€8K
A. Gomis,23,Senegal,73,Ferrara (SPAL),€4.4M,€24K
A. Gomis,25,Senegal,66,US Orléans Loiret Football,€875K,€2K
A. Guira,29,Burkina Faso,64,Aarhus GF,€425K,€4K
A. Guédioura,31,Algeria,70,Middlesbrough,€1.5M,€13K
A. Gyan,31,Ghana,79,Kayserispor,€11.5M,€24K
A. Haidara,19,Mali,61,FC Red Bull Salzburg,€525K,€3K
A. Hakimi,18,Morocco,71,Real Madrid CF,€3M,€37K
A. Harit,20,Morocco,71,FC Schalke 04,€4.2M,€19K
A. Hassan,24,Egypt,75,SC Braga,€9M,€12K
A. Hegazy,26,Egypt,73,West Bromwich Albion,€4.2M,€52K
A. Ikedi,18,Nigeria,59,FK Haugesund,€290K,€2K
A. Iwobi,21,Nigeria,74,Arsenal,€9.5M,€64K
A. Jakobsen,23,Egypt,63,IFK Norrköping,€525K,€1K
A. Jali,27,South Africa,72,KV Oostende,€3.2M,€12K
A. Jallow,18,Gambia,62,FC Metz,€625K,€2K
A. Kakuba,26,Uganda,64,CD Feirense,€450K,€3K
A. Kalabane,21,Guinea,56,AFC Eskilstuna,€130K,€1K
A. Kali,26,Morocco,72,FC Utrecht,€3.7M,€9K
A. Kamara,23,Sierra Leone,65,Al Taawoun,€750K,€6K
A. Kamara,24,Sierra Leone,69,BK Häcken,€1.4M,€3K
A. Kantari,32,Morocco,69,Valenciennes FC,€600K,€4K
A. Kashi,28,Algeria,71,Charlton Athletic,€1.9M,€10K
A. Keita,23,Mali,62,Le Havre AC,€450K,€2K
A. Kwarasey,29,Ghana,69,Vålerenga Fotball,€825K,€3K
A. Kyeremeh,21,Ghana,53,Albacete Balompié,€100K,€1K
A. Lazaar,25,Morocco,73,Benevento Calcio,€4.4M,€50K
A. Mallé,19,Mali,67,Udinese,€1.4M,€9K
A. Mandi,25,Algeria,78,Real Betis Balompié,€11.5M,€23K
A. Mandi,25,Algeria,78,Real Betis Balompié,€11.5M,€23K
A. Mandi,25,Algeria,78,Real Betis Balompié,€11.5M,€23K
A. Mandi,25,Algeria,78,Real Betis Balompié,€11.5M,€23K
A. Mangane,34,Senegal,72,RC Strasbourg,€950K,€15K
A. Mbengue,23,Senegal,68,SM Caen,€1.1M,€11K
A. Mbengue,25,Senegal,68,Terek Grozny,€1.2M,€20K
A. Messaoud,26,Morocco,67,Excelsior,€950K,€7K
A. Mobara,23,South Africa,68,Orlando Pirates,€1.1M,€1K
A. Musa,24,Nigeria,76,Leicester City,€10.5M,€65K
A. N'Diaye,27,Senegal,78,Wolverhampton Wanderers,€10M,€32K
A. Ndiaye Diedhiou,20,Senegal,74,Getafe CF,€11M,€20K
A. Ndour,23,Senegal,72,RC Strasbourg,€3.4M,€13K
A. Ngamukol,29,Equatorial Guinea,70,Stade de Reims,€1.8M,€9K
A. Niane,24,Mali,74,ES Troyes AC,€7M,€22K
A. Nkosi,24,South Africa,59,Orlando Pirates,€210K,€1K
A. Nura,19,Nigeria,62,Roma,€450K,€5K
A. Nurudeen,18,Ghana,59,KAS Eupen,€260K,€1K
A. Nyom,29,Cameroon,77,West Bromwich Albion,€6.5M,€65K
A. Olanare,23,Nigeria,69,CSKA Moscow,€1.4M,€23K
A. Omrani,26,Algeria,65,Oldham Athletic,€650K,€2K
A. Onana,21,Cameroon,78,Ajax,€11M,€8K
A. Onana,21,Cameroon,78,Ajax,€11M,€8K
A. Onana,21,Cameroon,78,Ajax,€11M,€8K
A. Onana,21,Cameroon,78,Ajax,€11M,€8K
A. Origi,33,Kenya,67,Lillestrøm SK,€375K,€3K
A. Osman,30,Ghana,66,Partick Thistle F.C.,€475K,€2K
A. Oueslati,25,Tunisia,65,Al Fateh,€675K,€8K
A. Ounas,20,Algeria,72,Napoli,€5M,€32K
A. Oyongo,26,Cameroon,71,Montreal Impact,€2.4M,€6K
A. Regattin,25,Morocco,76,Osmanlıspor,€9M,€21K
A. Romao,33,Togo,74,Olympiakos CFP,€2.3M,€1K
A. Sabiri,20,Morocco,64,Huddersfield Town,€875K,€10K
A. Sarr,26,Senegal,60,Bourg en Bresse Péronnas 01,€250K,€1K
A. Seck,25,Senegal,67,Sandefjord Fotball,€825K,€3K
A. Sissoko,27,Mali,70,Akhisar Belediyespor,€1.5M,€12K
A. Song,29,Cameroon,77,Rubin Kazan,€7M,€46K
A. Sutchuin-Djoum,28,Cameroon,70,Heart of Midlothian,€1.8M,€7K
A. Taarabt,28,Morocco,70,Genoa,€1.8M,€9K
A. Tahar,27,Algeria,66,Boavista FC,€550K,€3K
A. Talal,21,Morocco,53,US Orléans Loiret Football,€80K,€1K
A. Teikeu,27,Cameroon,66,FC Sochaux-Montbéliard,€625K,€3K
A. Tembeng,25,Cameroon,67,Tondela,€800K,€4K
A. Tetteh,28,Ghana,71,Lech Poznań,€2.2M,€8K
A. Tighadouini,24,Morocco,71,FC Twente,€3.2M,€14K
A. Touré,21,Mali,73,AS Monaco,€5M,€22K
A. Traoré,22,Mali,71,AS Monaco,€3.4M,€19K
A. Traoré,27,Senegal,68,Nottingham Forest,€750K,€16K
A. Traoré,28,Burkina Faso,74,Atiker Konyaspor,€5.5M,€19K
A. Umar,22,Nigeria,75,Osmanlıspor,€9M,€16K
A. Wakaso,25,Ghana,75,Vitória Guimarães,€7.5M,€10K
A. Walongwa,23,Congo,69,FC Nantes,€1.2M,€11K
A. Walongwa,23,Congo,69,FC Nantes,€1.2M,€11K
A. Walongwa,23,Congo,69,FC Nantes,€1.2M,€11K
A. Walongwa,23,Congo,69,FC Nantes,€1.2M,€11K
A. Warda,23,Egypt,71,,€0,
A. Warda,23,Egypt,71,,€0,€0.00
A. Waris,25,Ghana,74,FC Lorient,€7M,€9K
A. Yahia,35,Tunisia,72,AS Nancy Lorraine,€725K,€4K
A. Yiadom,25,Ghana,70,Barnsley,€1.8M,€8K
A. Zambo Anguissa,21,Cameroon,71,Olympique de Marseille,€2.9M,€13K
Akapo,24,Equatorial Guinea,68,SD Huesca,€1M,€5K
Anuar,22,Morocco,65,Real Valladolid,€750K,€2K
Ary Papel,23,Angola,65,Sporting CP,€750K,€4K
Aurélio Buta,20,Angola,67,Royal Antwerp FC,€1.1M,€6K
B. Addae,24,Ghana,67,Ascoli,€975K,€3K
B. Adjei-Boateng,23,Ghana,65,Colorado Rapids,€825K,€2K
B. Assou-Ekotto,33,Cameroon,70,FC Metz,€675K,€10K
B. Banda,19,South Africa,55,Finn Harps,€150K,€1K
B. Diawara,29,Senegal,71,Adelaide United,€2.4M,€7K
B. Dramé,31,Senegal,74,Atalanta,€3.7M,€24K
B. Ecuélé Manga,28,Gabon,72,Cardiff City,€2.5M,€20K
B. Enobakhare,19,Nigeria,67,Wolverhampton Wanderers,€1.4M,€16K
B. Gueye,22,Senegal,66,Sint-Truidense VV,€900K,€10K
B. Gyamfi,21,Ghana,60,Benevento Calcio,€325K,€3K
B. Innocent,21,Nigeria,66,Malmö FF,€925K,€2K
B. Jatta,19,Gambia,65,Hamburger SV,€1M,€6K
B. Jayiya,27,South Africa,66,Kaizer Chiefs,€675K,€1K
B. Khuzwayo,27,South Africa,69,Kaizer Chiefs,€850K,€1K
B. Koné,29,Burkina Faso,75,RC Strasbourg,€5M,€22K
B. Kumordzi,32,Ghana,68,KV Kortrijk,€525K,€9K
B. Kyere,22,Ghana,61,SC Fortuna Köln,€300K,€1K
B. Mensah,22,Ghana,72,Kasimpaşa SK,€4.6M,€27K
B. Morrison,24,Ghana,64,Orlando Pirates,€600K,€1K
B. Moukandjo,28,Cameroon,77,,€0,
B. Moukandjo,28,Cameroon,77,,€0,€0.00
B. Moussiti-oko,22,Congo,61,Le Havre AC,€350K,€2K
B. Moussiti-oko,22,Congo,61,Le Havre AC,€350K,€2K
B. Moussiti-oko,22,Congo,61,Le Havre AC,€350K,€2K
B. Moussiti-oko,22,Congo,61,Le Havre AC,€350K,€2K
B. Ndoye,23,Senegal,70,FC Sion,€2.4M,€11K
B. Niasse,20,Senegal,62,KAS Eupen,€400K,€1K
B. Nlaté,20,Cameroon,60,Olympique de Marseille,€250K,€3K
B. Ogbeche,32,Nigeria,67,Willem II,€600K,€8K
B. Osayi-Samuel,19,Nigeria,58,Queens Park Rangers,€240K,€2K
B. Ould-Chikh,19,Morocco,66,FC Utrecht,€900K,€2K
B. Parker,31,South Africa,72,Kaizer Chiefs,€2.8M,€1K
B. Petersen,21,South Africa,53,Kaizer Chiefs,€70K,€1K
B. Sako,29,Mali,72,Crystal Palace,€3M,€36K
B. Samba,23,Congo,65,SM Caen,€500K,€4K
B. Samba,23,Congo,65,SM Caen,€500K,€4K
B. Samba,23,Congo,65,SM Caen,€500K,€4K
B. Samba,23,Congo,65,SM Caen,€500K,€4K
B. Sankoh,25,Guinea,65,SM Caen,€575K,€6K
B. Sanneh,22,Gambia,68,AC Horsens,€1.5M,€6K
B. Sarr,26,Senegal,71,Molde FK,€2.6M,€6K
B. Saré,27,Burkina Faso,71,CF Os Belenenses,€2.3M,€5K
B. Srarfi,20,Tunisia,68,OGC Nice,€2M,€16K
B. Tekpetey,19,Ghana,64,SCR Altach,€975K,€6K
B. Touré,25,Mali,72,AJ Auxerre,€3.4M,€6K
B. Traoré,21,Burkina Faso,79,Olympique Lyonnais,€17.5M,€65K
B. Zungu,24,South Africa,75,Amiens SC Football,€9M,€17K
Babanco,31,Cape Verde,71,CD Feirense,€2M,€8K
Badou Ndiaye,26,Senegal,77,Galatasaray SK,€11M,€59K
Bastos,25,Angola,77,Lazio,€10M,€43K
C. Aboagye,22,Ghana,69,Club Atlas,€1.5M,€6K
C. Addai,19,Ghana,54,Coventry City,€120K,€1K
C. Alhadhur,25,Comoros,68,La Berrichonne de Châteauroux,€925K,€12K
C. Amissi,27,Burundi,64,Al Taawoun,€475K,€7K
C. Andriamahitsinoro,27,Madagascar,65,Ohod Club,€575K,€6K
C. Atsu,25,Ghana,76,Newcastle United,€9.5M,€66K
C. Awaziem,20,Nigeria,71,FC Nantes,€3.6M,€7K
C. Bassogog,21,Cameroon,65,,€0,
C. Bassogog,21,Cameroon,65,,€0,€0.00
C. Bejarano,32,Equatorial Guinea,67,CD America de Cali,€450K,€1K
C. Ben Saada,33,Tunisia,65,ES Troyes AC,€325K,€7K
C. Diandy,26,Senegal,71,Sporting Charleroi,€2.4M,€10K
C. Diarra,25,Mali,68,Tours FC,€1.2M,€5K
C. Diedhiou,29,Senegal,66,Royal Excel Mouscron,€500K,€4K
C. Diop,23,Senegal,64,LA Galaxy,€450K,€2K
C. Egbuchulam,25,Nigeria,56,BK Häcken,€120K,€1K
C. Ejuke,19,Nigeria,62,Vålerenga Fotball,€525K,€1K
C. Evina,25,Cameroon,65,Crawley Town,€575K,€3K
C. Ezeh,19,Nigeria,61,Lillestrøm SK,€375K,€1K
C. Ezeh,19,Nigeria,65,Portimonense SC,€775K,€2K
C. Fai,24,Cameroon,71,Standard de Liège,€2.5M,€9K
C. Ikeme,31,Nigeria,70,Wolverhampton Wanderers,€1.1M,€25K
C. Kaboré,29,Burkina Faso,77,FC Krasnodar,€7M,€43K
C. Kameni,33,Cameroon,80,Fenerbahçe SK,€7.5M,€59K
C. Keita,20,Mali,69,Bologna,€1.6M,€12K
C. Kouyaté,27,Senegal,77,West Ham United,€8.5M,€83K
C. Lungu,26,Zambia,73,Alanyaspor,€4.7M,€16K
C. M'Bengue,28,Senegal,71,AS Saint-Étienne,€1.9M,€22K
C. Medjani,32,Algeria,72,Medicana Sivasspor,€1.8M,€10K
C. N'Doye,31,Senegal,76,Birmingham City,€6.5M,€34K
C. Ndiaye,21,Senegal,60,Waasland-Beveren,€300K,€2K
C. Nhamoinesu,31,Zimbabwe,71,Sparta Praha,€1.6M,€1K
C. Ninga,24,Chad,74,Montpellier Hérault SC,€7.5M,€24K
C. Njie,23,Cameroon,73,Olympique de Marseille,€5.5M,€26K
C. Nwakali,20,Nigeria,64,Sogndal,€850K,€1K
C. Obasi,31,Nigeria,74,AIK Solna,€5M,€12K
C. Omeje,27,Nigeria,57,AFC Eskilstuna,€120K,€1K
C. Samba,33,Congo,74,Aston Villa,€2.3M,€32K
C. Samba,33,Congo,74,Aston Villa,€2.3M,€32K
C. Samba,33,Congo,74,Aston Villa,€2.3M,€32K
C. Samba,33,Congo,74,Aston Villa,€2.3M,€32K
C. Tanor,19,Ghana,50,FC Nordsjælland,€60K,€1K
C. Traoré,25,Mali,63,ES Troyes AC,€400K,€4K
C. Udoji,30,Nigeria,62,Lillestrøm SK,€290K,€1K
Carlos Ponck,22,Cape Verde,73,CD Aves,€4.8M,€10K
Clinton Mata,24,Angola,73,KRC Genk,€4.3M,€12K
D. Accam,26,Ghana,74,Chicago Fire Soccer Club,€6.5M,€10K
D. Alampasu,20,Nigeria,60,CD Feirense,€240K,€1K
D. Amartey,22,Ghana,75,Leicester City,€8M,€45K
D. Atanga,20,Ghana,65,FC Red Bull Salzburg,€850K,€7K
D. Avounou,19,Congo,60,SM Caen,€350K,€2K
D. Avounou,19,Congo,60,SM Caen,€350K,€2K
D. Avounou,19,Congo,60,SM Caen,€350K,€2K
D. Avounou,19,Congo,60,SM Caen,€350K,€2K
D. Badji,24,Senegal,67,Colorado Rapids,€1M,€5K
D. Bahamboula,22,Congo,68,Dijon FCO,€1.2M,€11K
D. Bahamboula,22,Congo,68,Dijon FCO,€1.2M,€11K
D. Bahamboula,22,Congo,68,Dijon FCO,€1.2M,€11K
D. Bahamboula,22,Congo,68,Dijon FCO,€1.2M,€11K
D. Bakar,28,Comoros,70,Tours FC,€1.8M,€6K
D. Benlamri,27,Algeria,70,Al Shabab,€1.5M,€21K
D. Bouanga,22,Gabon,70,FC Lorient,€2.7M,€6K
D. Bronn,22,Tunisia,65,KAA Gent,€650K,€5K
D. Cardoso,28,South Africa,66,Kaizer Chiefs,€575K,€1K
D. Chima Chukwu,26,Nigeria,63,Legia Warszawa,€450K,€2K
D. Claasen,27,South Africa,66,,€0,
D. Claasen,27,South Africa,66,,€0,€0.00
D. Delarge,27,Congo,69,Bursaspor,€1.1M,€11K
D. Delarge,27,Congo,69,Bursaspor,€1.1M,€11K
D. Delarge,27,Congo,69,Bursaspor,€1.1M,€11K
D. Delarge,27,Congo,69,Bursaspor,€1.1M,€11K
D. Diagné,22,Senegal,67,KAS Eupen,€900K,€6K
D. Diaw,22,Senegal,67,Korona Kielce,€1.1M,€3K
D. Diaw,25,Senegal,54,Virtus Entella,€90K,€1K
D. Djené,25,Togo,70,Getafe CF,€1.9M,€14K
D. Djigla,21,Benin,63,Chamois Niortais FC,€525K,€1K
D. Furman,29,South Africa,66,,€0,
D. Furman,29,South Africa,66,,€0,€0.00
D. Guidileye,27,Mauritania,70,Gençlerbirliği SK,€1.7M,€12K
D. Keet,27,South Africa,70,,€0,
D. Keet,27,South Africa,70,,€0,€0.00
D. Kiki,23,Benin,66,Stade Brestois 29,€750K,€2K
D. Koukou,26,Benin,64,RC Lens,€450K,€3K
D. Lamkel Ze,20,Cameroon,63,Chamois Niortais FC,€525K,€1K
D. Mesbah,32,Algeria,73,FC Lausanne-Sports,€2.2M,€12K
D. N'Dinga,29,Congo,74,Medicana Sivasspor,€4.4M,€15K
D. N'Dinga,29,Congo,74,Medicana Sivasspor,€4.4M,€15K
D. N'Dinga,29,Congo,74,Medicana Sivasspor,€4.4M,€15K
D. N'Dinga,29,Congo,74,Medicana Sivasspor,€4.4M,€15K
D. N'Doye,32,Senegal,71,Trabzonspor,€1.9M,€23K
D. Ndong,23,Gabon,74,Sunderland,€8M,€10K
D. Nounkeu,31,Cameroon,70,Kardemir Karabükspor,€1.2M,€10K
D. Oduro,31,Ghana,64,Montreal Impact,€400K,€3K
D. Okereke,19,Nigeria,61,La Spezia,€450K,€1K
D. Opare,26,Ghana,71,FC Augsburg,€2.4M,€16K
D. Ovono,34,Gabon,66,Paris FC,€260K,€2K
D. Sakho,27,Senegal,75,West Ham United,€8M,€83K
D. Samassekou,21,Mali,64,FC Red Bull Salzburg,€775K,€6K
D. Savage,29,Gambia,63,HJK Helsinki,€350K,€1K
D. Tchamba,18,Cameroon,61,RC Strasbourg,€475K,€2K
D. Zuma,22,South Africa,69,Kaizer Chiefs,€1.5M,€1K
Diney,22,Cape Verde,65,CS Marítimo,€825K,€2K
Djalma,30,Angola,74,PAOK Thessaloniki,€5.5M,€1K
Djaniny,26,Cape Verde,71,Santos Laguna,€2.8M,€16K
E. Adu,26,Ghana,71,Akhisar Belediyespor,€2.5M,€13K
E. Agyiri,19,Ghana,62,Vålerenga Fotball,€650K,€1K
E. Ambrose,28,Nigeria,69,Hibernian,€850K,€5K
E. Apeh,20,Nigeria,62,Lorca Deportiva CF,€675K,€2K
E. Asante,28,Ghana,71,FC Nordsjælland,€2.4M,€13K
E. Assifuah,23,Ghana,69,Le Havre AC,€1.4M,€5K
E. Ayuk,20,Cameroon,63,Jönköpings Södra IF,€650K,€1K
E. Badu,26,Ghana,75,Bursaspor,€8M,€26K
E. Banda,19,Zambia,61,KV Oostende,€425K,€2K
E. Banza,17,Congo,53,HJK Helsinki,€130K,€1K
E. Banza,17,Congo,53,HJK Helsinki,€130K,€1K
E. Banza,17,Congo,53,HJK Helsinki,€130K,€1K
E. Banza,17,Congo,53,HJK Helsinki,€130K,€1K
E. Ben Nabouhane,28,Comoros,71,Olympiakos CFP,€2.4M,€1K
E. Besea,20,Ghana,60,Frosinone,€375K,€1K
E. Boateng,21,Ghana,72,Levante UD,€4.7M,€14K
E. Boateng,23,Ghana,69,LA Galaxy,€1.4M,€5K
E. Chirambadare,25,Zimbabwe,65,Kaizer Chiefs,€675K,€1K
E. Choupo-Moting,28,Cameroon,77,Stoke City,€9M,€71K
E. Dabo,21,Senegal,58,Valenciennes FC,€160K,€1K
E. Dennis,19,Nigeria,69,Club Brugge KV,€1.8M,€9K
E. Echiéjilé,29,Nigeria,71,Medicana Sivasspor,€1.8M,€11K
E. Ekpolo,22,Nigeria,59,Fleetwood Town,€170K,€1K
E. El Hadary,44,Egypt,70,Al Taawoun,€120K,€7K
E. Emenike,30,Nigeria,75,Olympiakos CFP,€6.5M,€1K
E. Eze,20,Nigeria,61,SK Sturm Graz,€450K,€4K
E. Gyasi,26,Ghana,70,Aalesunds FK,€2.1M,€4K
E. Hackman,22,Ghana,64,Portimonense SC,€525K,€2K
E. Hajri,34,Tunisia,66,MSV Duisburg,€200K,€2K
E. Kane,22,Senegal,62,Sandefjord Fotball,€375K,€1K
E. Kangwa,24,Zambia,69,Arsenal Tula,€1.4M,€14K
E. Letlotlo,21,South Africa,61,Kaizer Chiefs,€350K,€1K
E. Mabouka,29,Cameroon,64,,€0,
E. Mabouka,29,Cameroon,64,,€0,€0.00
E. Manu,23,Ghana,68,Gençlerbirliği SK,€1.2M,€11K
E. Mathoho,27,South Africa,72,Kaizer Chiefs,€3M,€1K
E. Mensah,19,Ghana,60,HJK Helsinki,€350K,€1K
E. Monthe,22,Cameroon,57,Forest Green,€120K,€2K
E. Mour Samb,23,Senegal,60,Tromsø IL,€300K,€1K
E. Ngassaki Ndongo,20,Congo,56,Stade Brestois 29,€140K,€1K
E. Ngassaki Ndongo,20,Congo,56,Stade Brestois 29,€140K,€1K
E. Ngassaki Ndongo,20,Congo,56,Stade Brestois 29,€140K,€1K
E. Ngassaki Ndongo,20,Congo,56,Stade Brestois 29,€140K,€1K
E. Ntim,21,Ghana,61,Valenciennes FC,€325K,€1K
E. Nyarko,24,Ghana,60,SV Wehen Wiesbaden,€250K,€1K
E. Ocansey,19,Ghana,69,KAS Eupen,€1.8M,€5K
E. Ofori,22,Ghana,73,VfB Stuttgart,€6M,€21K
E. Ohemeng,21,Ghana,70,Moreirense FC,€2.8M,€5K
E. Onuachu,23,Nigeria,68,FC Midtjylland,€1.3M,€15K
E. Salli,24,Cameroon,70,1. FC Nürnberg,€2.3M,€9K
E. Skhiri,22,Tunisia,74,Montpellier Hérault SC,€6.5M,€20K
E. Sowah,19,Ghana,63,RSC Anderlecht,€600K,€2K
Erin Pinheiro,19,Cape Verde,60,AS Saint-Étienne,€300K,€3K
F. Adi,26,Nigeria,73,Portland Timbers,€5M,€10K
F. Arhin,18,Ghana,54,Östersunds FK,€140K,€1K
F. Ayité,28,Togo,74,Fulham,€5.5M,€44K
F. Bachirou,27,Comoros,69,Östersunds FK,€1.2M,€4K
F. Bagnack,22,Cameroon,66,FC Admira Wacker Mödling,€700K,€3K
F. Ben Khalfallah,34,Tunisia,71,Brisbane Roar,€1.2M,€6K
F. Ben Mustapha,28,Tunisia,63,Al Shabab,€260K,€5K
F. Boulaya,24,Algeria,70,Girona CF,€2.4M,€14K
F. Boya,21,Cameroon,59,Royal Excel Mouscron,€240K,€2K
F. Chafik,30,Morocco,72,Dijon FCO,€2.2M,€13K
F. Diabaté,21,Mali,60,GFC Ajaccio,€300K,€1K
F. Diagne,27,Senegal,71,FC Metz,€2M,€17K
F. Diedhiou,24,Senegal,73,Bristol City,€5.5M,€40K
F. Doré,28,Congo,65,Clermont Foot 63,€550K,€8K
F. Doré,28,Congo,65,Clermont Foot 63,€550K,€8K
F. Doré,28,Congo,65,Clermont Foot 63,€550K,€8K
F. Doré,28,Congo,65,Clermont Foot 63,€550K,€8K
F. Etoundi,26,Cameroon,67,Kasimpaşa SK,€900K,€10K
F. Fajr,28,Morocco,75,Getafe CF,€6.5M,€23K
F. Farnolle,32,Benin,67,Evkur Yeni Malatyaspor,€450K,€7K
F. Friday,22,Nigeria,70,AZ Alkmaar,€2.5M,€8K
F. Ghoulam,26,Algeria,79,Napoli,€13M,€68K
F. Gounongbe,29,Benin,68,Cardiff City,€900K,€19K
F. Harek,34,Algeria,66,Nîmes Olympique,€200K,€2K
F. Hollinger-Janzen,23,Benin,60,New England Revolution,€290K,€1K
F. Kadir,33,Algeria,67,AD Alcorcón,€475K,€7K
F. Kamano,21,Guinea,75,Girondins de Bordeaux,€9M,€33K
F. Ladapo,24,Nigeria,62,Crystal Palace,€400K,€9K
F. Makhedjouf,26,Algeria,66,Tours FC,€750K,€2K
F. Moufi,21,Morocco,64,Tondela,€575K,€1K
F. Mussa,21,Tanzania,62,CD Tenerife,€525K,€2K
F. N'Ganga,32,Congo,69,Sporting Charleroi,€575K,€9K
F. N'Ganga,32,Congo,69,Sporting Charleroi,€575K,€9K
F. N'Ganga,32,Congo,69,Sporting Charleroi,€575K,€9K
F. N'Ganga,32,Congo,69,Sporting Charleroi,€575K,€9K
F. Obilor,26,Nigeria,62,HJK Helsinki,€325K,€1K
F. Ogude,29,Nigeria,73,Amkar Perm,€3.1M,€21K
F. Olinga,21,Cameroon,62,Royal Excel Mouscron,€500K,€2K
F. Ondoa,21,Cameroon,66,Sevilla Atlético,€925K,€1K
F. Onyeka,19,Nigeria,53,FC Midtjylland,€100K,€2K
F. Pogba,26,Guinea,77,AS Saint-Étienne,€9M,€35K
F. Rherras,24,Morocco,67,KV Mechelen,€825K,€7K
F. Sacko,22,Mali,68,Vitória Guimarães,€1.2M,€5K
F. Shomotun,20,Nigeria,55,Barnet,€160K,€2K
F. Wadja,22,Cameroon,55,FC Lorient,€120K,€1K
Fredy,27,Angola,68,CF Os Belenenses,€950K,€5K
G. Arokoyo,24,Nigeria,68,Portland Timbers,€1.1M,€4K
G. Baah,25,Ghana,68,New York Red Bulls,€950K,€5K
G. Bokwé,27,Cameroon,58,,€0,
G. Bokwé,27,Cameroon,58,,€0,€0.00
G. Bong,29,Cameroon,72,Brighton & Hove Albion,€2.4M,€30K
G. Davies,20,Sierra Leone,58,SKN St. Pölten,€230K,€2K
G. Donsah,21,Ghana,75,Bologna,€10M,€36K
G. Donyoh,22,Ghana,64,FC Nordsjælland,€675K,€4K
G. Koffie,25,Ghana,68,New England Revolution,€925K,€3K
G. Koomson,22,Ghana,68,Sogndal,€1.4M,€3K
G. Landel,26,Guinea,67,Alanyaspor,€775K,€8K
G. Maluleka,28,South Africa,69,Kaizer Chiefs,€1M,€1K
G. Mandjeck,28,Cameroon,70,Sparta Praha,€1.4M,€1K
G. N'Gosso,32,Cameroon,68,Amiens SC Football,€525K,€11K
G. Ndy Assembe,31,Cameroon,72,AS Nancy Lorraine,€1.9M,€5K
G. Oboabona,26,Nigeria,70,Al Ahli,€1.8M,€24K
G. Panom,22,Ethiopia,64,FC Anzhi Makhachkala,€575K,€5K
G. Shitolo,27,South Africa,65,Orlando Pirates,€450K,€1K
Garry Rodrigues,26,Cape Verde,75,Galatasaray SK,€8M,€50K
Gelson Dala,20,Angola,73,Sporting CP,€7M,€14K
Gildo,22,Mozambique,66,CS Marítimo,€1M,€3K
Gégé,29,Cape Verde,71,Al Fayha,€1.8M,€15K
H. Afful,31,Ghana,70,Columbus Crew SC,€1.2M,€6K
H. Akpan,25,Nigeria,64,Burton Albion,€550K,€4K
H. Al Ghaddioui,26,Morocco,63,Sportfreunde Lotte,€450K,€1K
H. Bandé,18,Burkina Faso,58,KV Mechelen,€260K,€2K
H. Barry,24,Guinea,62,Orlando City Soccer Club,€375K,€2K
H. Bedimo,33,Cameroon,72,Olympique de Marseille,€1.2M,€18K
H. Belkaroui,26,Algeria,71,Moreirense FC,€2.4M,€5K
H. Belkebla,23,Algeria,68,Tours FC,€1.4M,€4K
H. Bouazza,32,Algeria,70,Tours FC,€1.4M,€6K
H. Diallo,22,Senegal,67,Stade Brestois 29,€1.1M,€9K
H. Ekstein,26,South Africa,65,Kaizer Chiefs,€650K,€1K
H. Elhouni,23,Libya,63,Grupo Desportivo de Chaves,€525K,€2K
H. Garba,23,Nigeria,57,Djurgårdens IF,€140K,€1K
H. Ghaly,35,Egypt,71,Al Nassr,€1M,€19K
H. Goitom,32,Eritrea,71,AIK Solna,€1.9M,€8K
H. Harbaoui,32,Tunisia,72,RSC Anderlecht,€2.5M,€17K
H. Jele,30,South Africa,69,Orlando Pirates,€750K,€1K
H. Kekana,32,South Africa,73,,€0,
H. Kekana,32,South Africa,73,,€0,€0.00
H. Khaloua,22,Morocco,64,UD Almería,€625K,€3K
H. Koffi,20,Burkina Faso,66,LOSC Lille,€875K,€6K
H. Mendyl,19,Morocco,63,LOSC Lille,€550K,€3K
H. Ndam,18,Cameroon,58,New York Red Bulls,€160K,€1K
H. Onyekuru,20,Nigeria,75,RSC Anderlecht,€11M,€64K
H. Saivet,26,Senegal,77,Newcastle United,€11M,€68K
H. Sakhi,21,Morocco,65,AJ Auxerre,€775K,€4K
H. Traore,20,Mali,59,Kardemir Karabükspor,€240K,€2K
H. Traoré,25,Mali,73,Stade Rennais FC,€4.1M,€20K
H. Yebda,33,Algeria,73,CF Os Belenenses,€1.6M,€8K
H. Ziyech,24,Morocco,81,Ajax,€23M,€16K
Héldon,28,Cape Verde,73,Vitória Guimarães,€4M,€17K
I. Abdullahi,20,Nigeria,64,FK Austria Wien,€700K,€6K
I. Akinade,23,Nigeria,59,Bohemian FC,€210K,€1K
I. Amadou,24,Cameroon,75,LOSC Lille,€8M,€30K
I. Andriatsima,33,Madagascar,72,FC Sochaux-Montbéliard,€2M,€8K
I. Anthony,19,Nigeria,63,FK Haugesund,€425K,€1K
I. Bangoura,32,Guinea,71,Al Raed,€1.9M,€17K
I. Bebou,23,Togo,71,Hannover 96,€3.2M,€23K
I. Bel Hassani,24,Morocco,72,AZ Alkmaar,€4.1M,€7K
I. Belfodil,25,Algeria,75,SV Werder Bremen,€8.5M,€18K
I. Ben Khemis,21,Tunisia,60,Doncaster Rovers,€325K,€1K
I. Bennacer,19,Algeria,62,Empoli,€525K,€1K
I. Boye,20,Nigeria,55,Örebro SK,€160K,€1K
I. Chebake,27,Morocco,65,Evkur Yeni Malatyaspor,€500K,€4K
I. Cissokho,32,Senegal,71,Amiens SC Football,€1.3M,€13K
I. Cofie,25,Ghana,72,Genoa,€3.8M,€20K
I. Conté,21,Guinea,61,FC Lorient,€375K,€1K
I. Conté,26,Guinea,70,KV Oostende,€2.1M,€12K
I. Dia,30,Senegal,71,Evkur Yeni Malatyaspor,€2.2M,€11K
I. Diallo,20,Mali,65,KAS Eupen,€775K,€3K
I. Donkor,21,Ghana,64,Cesena,€575K,€1K
I. Ezekiel,23,Nigeria,75,Atiker Konyaspor,€9M,€18K
I. Faye,24,Senegal,65,Boavista FC,€675K,€2K
I. Ganago,18,Cameroon,61,OGC Nice,€525K,€4K
I. Gueye,27,Senegal,83,Everton,€24.5M,€115K
I. Jebali,25,Tunisia,69,IF Elfsborg,€1.4M,€4K
I. Jome,22,Gambia,64,Minnesota Thunder,€525K,€2K
I. Khune,30,South Africa,77,Kaizer Chiefs,€5.5M,€1K
I. Maela,24,South Africa,60,Orlando Pirates,€220K,€1K
I. Mathew,20,Nigeria,68,Lillestrøm SK,€1.6M,€3K
I. Mbaye,22,Senegal,69,Bologna,€1.3M,€21K
I. Messaoud,17,Algeria,54,GFC Ajaccio,€110K,€1K
I. Moro,23,Ghana,65,Silkeborg IF,€775K,€3K
I. Ndiaye,23,Senegal,62,Randers FC,€400K,€3K
I. Niane,18,Senegal,63,FC Metz,€775K,€2K
I. Ouali,29,Algeria,68,KV Kortrijk,€875K,€10K
I. Ouédraogo,28,Burkina Faso,65,Wolfsberger AC,€550K,€5K
I. Paro,22,Burkina Faso,57,Chamois Niortais FC,€150K,€1K
I. Rako,20,Swaziland,63,SC Heerenveen,€575K,€2K
I. Sackey,23,Ghana,67,Alanyaspor,€925K,€7K
I. Salah,30,Egypt,66,,€0,
I. Salah,30,Egypt,66,,€0,€0.00
I. Sarr,19,Senegal,73,Stade Rennais FC,€7M,€13K
I. Sarr,30,Senegal,71,Orlando Pirates,€1.8M,€1K
I. Seck,27,Senegal,71,Waasland-Beveren,€2M,€9K
I. Slimani,29,Algeria,82,Leicester City,€22M,€100K
I. Success,21,Nigeria,73,Watford,€6.5M,€38K
I. Sylla,23,Guinea,71,Toulouse FC,€3.1M,€17K
I. Sylla,26,Guinea,73,Queens Park Rangers,€5M,€31K
I. Tandia,23,Mali,63,Tours FC,€500K,€1K
I. Traoré,29,Guinea,80,Borussia Mönchengladbach,€14.5M,€48K
I. Uche,33,Nigeria,72,Gimnàstic de Tarragona,€2M,€9K
I. Uzochukwu,27,Nigeria,68,Odense Boldklub,€1M,€9K
I. Vetokele,25,Angola,69,Sint-Truidense VV,€1.3M,€9K
I. Vorsah,29,Ghana,68,Ohod Club,€700K,€12K
I. Wadji,22,Senegal,61,Molde FK,€375K,€2K
Iban Salvador,21,Equatorial Guinea,69,Real Valladolid,€1.7M,€5K
Idris,32,Senegal,73,Boavista FC,€2.3M,€9K
J. Adebanjo,23,Nigeria,65,Vitória Setúbal,€625K,€2K
J. Adéoti,28,Benin,74,AJ Auxerre,€5M,€9K
J. Aidoo,21,Ghana,67,KRC Genk,€925K,€7K
J. Akpala,30,Nigeria,68,KV Oostende,€875K,€11K
J. Amoah,22,Ghana,66,Vitória Guimarães,€1M,€3K
J. Attamah,23,Ghana,67,İstanbul Başakşehir FK,€925K,€12K
J. Ayew,25,Ghana,76,Swansea City,€10M,€71K
J. Ayunga,20,Kenya,59,Galway United,€280K,€6K
J. Baraye,20,Senegal,56,Virtus Entella,€140K,€1K
J. Boye,30,Ghana,71,Medicana Sivasspor,€1.8M,€10K
J. Buatu Mananga,23,Angola,67,Waasland-Beveren,€875K,€6K
J. Castelletto,22,Cameroon,66,Stade Brestois 29,€750K,€2K
J. Chabalala,25,South Africa,65,Orlando Pirates,€600K,€1K
J. Collins,22,Nigeria,60,SC Paderborn 07,€240K,€1K
J. Da Costa,26,Cape Verde,69,RC Strasbourg,€1.3M,€15K
J. Debayo,20,Nigeria,58,Leicester City,€160K,€6K
J. Dodoo,22,Ghana,66,Charlton Athletic,€1M,€13K
J. Dongou Tsafack,22,Cameroon,68,Gimnàstic de Tarragona,€1.4M,€7K
J. Fortes,28,Cape Verde,67,Excelsior,€625K,€7K
J. Goda,28,Cameroon,62,Tours FC,€240K,€1K
J. Kana-Biyik,27,Cameroon,72,Kayserispor,€2.6M,€10K
J. Lelan,22,Kenya,54,Crawley Town,€90K,€1K
J. Lopy,25,Senegal,65,Clermont Foot 63,€675K,€2K
J. Mabokgwane,29,South Africa,67,Orlando Pirates,€525K,€1K
J. Machín,20,Equatorial Guinea,59,Brescia,€260K,€6K
J. Matip,25,Cameroon,83,Liverpool,€26.5M,€110K
J. Mbakogu,24,Nigeria,73,Carpi,€5M,€5K
J. Mendy,22,Senegal,60,US Quevilly-Rouen,€240K,€1K
J. Mendy,27,Senegal,66,Kristiansund BK,€675K,€2K
J. Mensah,22,Ghana,63,AC Horsens,€650K,€2K
J. Mensah,26,Ghana,70,Columbus Crew SC,€1.7M,€6K
J. Minala,20,Cameroon,68,Salernitana,€1.4M,€19K
J. Molangoane,29,South Africa,68,Kaizer Chiefs,€875K,€1K
J. Monteiro,23,Cape Verde,67,Heracles Almelo,€1.1M,€6K
J. Ngongo,23,Angola,53,Grasshopper Club Zürich,€70K,€2K
J. Nsamé,24,Cameroon,67,BSC Young Boys,€1M,€13K
J. Obi,26,Nigeria,73,Torino,€4.9M,€39K
J. Obiang,23,Gabon,66,ES Troyes AC,€700K,€5K
J. Osabutey,18,Ghana,58,Werder Bremen II,€260K,€1K
J. Pius,21,Nigeria,63,Tondela,€500K,€1K
J. Rassoul,21,Senegal,70,Sporting Lokeren,€2.3M,€8K
J. Schlupp,24,Ghana,71,Crystal Palace,€2.6M,€27K
J. Tavares,28,Cape Verde,71,Dijon FCO,€2.4M,€16K
J. Umerah,20,Nigeria,53,Wycombe Wanderers,€130K,€2K
J. Vunguidica,27,Angola,65,SV Sandhausen,€625K,€3K
J. Yaro,23,Ghana,66,Philadelphia Union,€850K,€2K
José Kanté,26,Guinea,65,Wisła Płock,€650K,€3K
K. Abdallah,30,Comoros,70,Al Raed,€1.3M,€14K
K. Abrahams,20,South Africa,61,Sint-Truidense VV,€400K,€2K
K. Adams Nuhu,22,Ghana,67,BSC Young Boys,€850K,€11K
K. Adenon,31,Benin,70,Amiens SC Football,€1.2M,€13K
K. Appiah,26,Ghana,65,AFC Wimbledon,€650K,€3K
K. Asamoah,28,Ghana,78,Juventus,€8M,€89K
K. Babacar,24,Senegal,76,Fiorentina,€10.5M,€59K
K. Baldé Diao,22,Senegal,82,AS Monaco,€32.5M,€46K
K. Benyu,19,Zimbabwe,60,Celtic,€450K,€4K
K. Boateng,30,Ghana,80,Eintracht Frankfurt,€14.5M,€41K
K. Boutaïb,30,Morocco,71,Evkur Yeni Malatyaspor,€2.3M,€12K
K. Bru,28,Mauritius,67,Ipswich Town,€750K,€13K
K. Buchanan,26,South Africa,68,Kaizer Chiefs,€1.1M,€1K
K. Cissé,28,Guinea,65,Bari,€550K,€2K
K. Constant,30,Guinea,71,FC Sion,€2.2M,€16K
K. Coulibaly,25,Mali,73,FC Nantes,€5M,€24K
K. Diatta,18,Senegal,63,Sarpsborg 08 FF,€775K,€1K
K. Dolly,24,South Africa,72,Montpellier Hérault SC,€4.1M,€16K
K. El Ahmadi,32,Morocco,80,Feyenoord,€11M,€23K
K. Erasmus,26,South Africa,70,Stade Rennais FC,€1.9M,€18K
K. Etuhu,29,Nigeria,61,Carlisle United,€240K,€3K
K. Fatai,27,Nigeria,73,FC Ufa,€4.7M,€29K
K. Hafez,21,Egypt,68,RC Lens,€1.1M,€4K
K. Haggui,33,Tunisia,69,FC St. Gallen,€425K,€9K
K. Igboananike,28,Nigeria,68,Örebro SK,€925K,€4K
K. Iheanacho,20,Nigeria,75,Leicester City,€11.5M,€50K
K. Issah,24,Ghana,64,Gençlerbirliği SK,€500K,€4K
K. John,18,Nigeria,63,Rio Ave FC,€525K,€1K
K. Kamara,32,Sierra Leone,74,New England Revolution,€4.5M,€10K
K. Koulibaly,26,Senegal,84,Napoli,€32.5M,€96K
K. Laribi,26,Tunisia,70,Cesena,€2.2M,€3K
K. Madu,21,Nigeria,67,SV Zulte-Waregem,€975K,€7K
K. Matmour,32,Algeria,68,Adelaide United,€700K,€5K
K. Mbodj,27,Senegal,78,RSC Anderlecht,€10M,€24K
K. Mbodj,27,Senegal,78,RSC Anderlecht,€10M,€24K
K. Mbodj,27,Senegal,78,RSC Anderlecht,€10M,€24K
K. Mbodj,27,Senegal,78,RSC Anderlecht,€10M,€24K
K. Mohammed,21,Ghana,62,FK Austria Wien,€400K,€3K
K. Mokotjo,26,South Africa,74,Brentford,€6.5M,€42K
K. Moleko,27,South Africa,65,Kaizer Chiefs,€450K,€1K
K. Musona,27,Zimbabwe,73,KV Oostende,€4.2M,€17K
K. Nsor,24,Ghana,63,Moreirense FC,€500K,€1K
K. Ntlhe,23,South Africa,65,Rochdale,€600K,€2K
K. Nwakali,19,Nigeria,65,VVV-Venlo,€1M,€13K
K. Ojo,28,Nigeria,64,Lyngby BK,€475K,€4K
K. Omeruo,23,Nigeria,72,Kasimpaşa SK,€3.7M,€48K
K. Onuegbu,31,Nigeria,67,MSV Duisburg,€675K,€5K
K. Sankaré,32,Senegal,71,Cádiz C.F.,€1.4M,€6K
K. Sarfo,22,Ghana,69,Malmö FF,€1.7M,€4K
K. Schindler,23,Ghana,68,Holstein Kiel,€1.2M,€7K
K. Soni,19,Cameroon,64,Girona CF,€975K,€4K
K. Thiam,23,Senegal,65,Dinamo Moscow,€625K,€7K
K. Toko-Ekambi,24,Cameroon,76,Angers SCO,€10M,€26K
K. Touré,23,Mali,60,Royal Antwerp FC,€300K,€2K
Kahraba,23,Egypt,75,Al Ittihad,€9.5M,€32K
Kenny Rocha Santos,17,Cape Verde,61,AS Saint-Étienne,€500K,€4K
Kuca,27,Cape Verde,74,Boavista FC,€6M,€10K
L. Abdi,28,Somalia,68,FK Haugesund,€900K,€3K
L. Abubakar,22,Ghana,67,Columbus Crew SC,€850K,€4K
L. Agbenyenu,20,Ghana,63,Portimonense SC,€575K,€2K
L. Agouazi,33,Algeria,68,Chamois Niortais FC,€375K,€4K
L. Azouni,23,Tunisia,67,KV Kortrijk,€1.1M,€8K
L. Balogun,29,Nigeria,75,1. FSV Mainz 05,€6M,€25K
L. Blessing,20,Ghana,65,Sporting Kansas City,€750K,€2K
L. Cadamuro,29,Algeria,75,Nîmes Olympique,€5M,€6K
L. Coulibaly,21,Mali,71,Angers SCO,€3.3M,€13K
L. Doumbouya,26,Guinea,62,SKN St. Pölten,€375K,€4K
L. Enoh,24,Cameroon,63,Sporting Lokeren,€475K,€3K
L. Gassama,27,Senegal,68,Alanyaspor,€825K,€8K
L. Gordinho,23,South Africa,69,Kaizer Chiefs,€1.2M,€1K
L. Goudiaby,20,Senegal,61,FC Metz,€400K,€2K
L. Jallow,22,Gambia,63,Cesena,€500K,€3K
L. Manyama,26,South Africa,69,Atiker Konyaspor,€1.2M,€11K
L. Memela,29,South Africa,64,Orlando Pirates,€450K,€1K
L. Mfeka,23,South Africa,55,San Jose Earthquakes,€130K,€1K
L. Mothiba,21,South Africa,61,Valenciennes FC,€400K,€6K
L. N'Guemo,31,Cameroon,72,Kayserispor,€2.1M,€10K
L. Ndao,22,Senegal,63,Valenciennes FC,€525K,€1K
L. Ngwat Mahop,29,Cameroon,66,SCR Altach,€625K,€5K
L. Nomenjanahary,31,Madagascar,68,Paris FC,€775K,€5K
L. Olum,32,Kenya,67,Portland Timbers,€450K,€5K
L. Owona,26,Cameroon,70,UD Almería,€1.8M,€7K
L. Phiri,22,South Africa,70,En Avant de Guingamp,€2.5M,€13K
L. Sackey,18,Ghana,46,Scunthorpe United,€50K,€1K
L. Sam,32,Ghana,69,D.C. United,€825K,€5K
L. Sané,30,Senegal,77,SV Werder Bremen,€6.5M,€29K
L. Veldwijk,25,South Africa,72,FC Groningen,€3.9M,€10K
L. Zigi,20,Ghana,56,FC Sochaux-Montbéliard,€160K,€1K
M. Abarhoun,28,Morocco,65,Moreirense FC,€450K,€2K
M. Abdul Shafy,32,Egypt,71,Al Ahli,€1.3M,€24K
M. Abeid,24,Algeria,71,Dijon FCO,€3M,€12K
M. Abu,25,Ghana,70,Columbus Crew SC,€2M,€6K
M. Abubakari,31,Ghana,68,BK Häcken,€600K,€3K
M. Agu,24,Nigeria,75,Bursaspor,€7.5M,€11K
M. Aidara,27,Senegal,62,Royal Excel Mouscron,€290K,€2K
M. Akoto,20,Ghana,57,SV Wehen Wiesbaden,€210K,€1K
M. Al Dhaw,23,Sudan,62,Ohod Club,€400K,€4K
M. Ali Yakoubi,26,Tunisia,65,Al Fateh,€550K,€8K
M. Azira,29,Uganda,70,Colorado Rapids,€1.4M,€6K
M. Baidoo,18,Ghana,53,FC Midtjylland,€100K,€2K
M. Barrow,24,Gambia,72,Reading,€4.1M,€23K
M. Baudry,27,Congo,68,SV Zulte-Waregem,€875K,€9K
M. Baudry,27,Congo,68,SV Zulte-Waregem,€875K,€9K
M. Baudry,27,Congo,68,SV Zulte-Waregem,€875K,€9K
M. Baudry,27,Congo,68,SV Zulte-Waregem,€875K,€9K
M. Ben Othman,27,Tunisia,64,US Orléans Loiret Football,€475K,€2K
M. Benatia,30,Morocco,84,Juventus,€23M,€145K
M. Benyettou,27,Algeria,67,Al Shabab,€825K,€21K
M. Beye,21,Senegal,56,Novara,€110K,€1K
M. Biankadi,22,Congo,62,Rot-Weiß Erfurt,€425K,€1K
M. Biankadi,22,Congo,62,Rot-Weiß Erfurt,€425K,€1K
M. Biankadi,22,Congo,62,Rot-Weiß Erfurt,€425K,€1K
M. Biankadi,22,Congo,62,Rot-Weiß Erfurt,€425K,€1K
M. Boulahia,20,Algeria,62,Atlético Madrid,€600K,€7K
M. Bundu,20,Sierra Leone,62,Aarhus GF,€450K,€3K
M. Camara,20,Guinea,60,AC Ajaccio,€400K,€1K
M. Carayol,28,Gambia,67,Nottingham Forest,€775K,€18K
M. Carcela-González,28,Morocco,77,Olympiakos CFP,€9M,€1K
M. Cheukoua,20,Cameroon,57,SCR Altach,€170K,€2K
M. Chrétien,32,Morocco,70,AS Nancy Lorraine,€1M,€6K
M. Cissokho,30,Senegal,68,US Orléans Loiret Football,€850K,€4K
M. Coly,33,Senegal,68,Parma,€375K,€4K
M. Coulibaly,18,Senegal,63,Pescara,€750K,€3K
M. Dembélé,23,Mali,62,Brescia,€350K,€1K
M. Dembélé,28,Mali,66,Le Havre AC,€675K,€3K
M. Diagne,23,Senegal,68,AS Nancy Lorraine,€1.1M,€4K
M. Diallo,26,Senegal,62,KAS Eupen,€375K,€3K
M. Diallo,31,Senegal,72,En Avant de Guingamp,€2.1M,€15K
M. Diamé,30,Senegal,73,Newcastle United,€3.8M,€58K
M. Diouf,29,Senegal,77,Stoke City,€9M,€77K
M. Djenepo,19,Mali,57,Standard de Liège,€220K,€1K
M. Djetei,22,Cameroon,67,Gimnàstic de Tarragona,€1.1M,€5K
M. Dossevi,29,Togo,74,FC Metz,€5.5M,€18K
M. Doumbia,22,Mali,70,FC Rostov,€2.7M,€22K
M. Dube,24,South Africa,63,Orlando Pirates,€400K,€1K
M. Dumbuya,29,Sierra Leone,65,Partick Thistle F.C.,€400K,€2K
M. Ebiye,20,Nigeria,59,Lillestrøm SK,€270K,€1K
M. Eisa,22,Sudan,58,Cheltenham Town,€190K,€2K
M. El Allouchi,22,Morocco,65,NAC Breda,€725K,€3K
M. El Hankouri,20,Morocco,66,Willem II,€1.2M,€4K
M. El Kabir,28,Morocco,72,Antalyaspor,€3.2M,€15K
M. Elneny,24,Egypt,77,Arsenal,€10M,€76K
M. Etame,28,Cameroon,71,Alanyaspor,€2.4M,€12K
M. Evouna,24,Gabon,60,Atiker Konyaspor,€280K,€3K
M. Fall,25,Senegal,67,Sporting Charleroi,€925K,€9K
M. Fatau,24,Ghana,68,Al Qadisiyah,€1M,€8K
M. Fathi,23,Egypt,67,Al Taawoun,€1.2M,€11K
M. Fofana,19,Mali,60,Alanyaspor,€400K,€1K
M. Fofana,32,Mali,64,RC Lens,€260K,€3K
M. Fouzair,25,Morocco,70,Al Nassr,€2.2M,€25K
M. Gouaida,24,Tunisia,68,Hamburger SV,€1.2M,€17K
M. Gould,34,South Africa,70,,€0,
M. Gould,34,South Africa,70,,€0,€0.00
M. Haddachi,20,Morocco,60,ADO Den Haag,€280K,€1K
M. Hongla,19,Cameroon,67,Granada CF,€875K,€3K
M. Jean Tahrat,27,Algeria,69,Angers SCO,€1M,€13K
M. Jeannin,26,Algeria,66,Clermont Foot 63,€575K,€2K
M. Konaté,24,Senegal,74,Amiens SC Football,€8M,€19K
M. Koné,20,Senegal,61,FC Zürich,€375K,€3K
M. Lacen,33,Algeria,73,Getafe CF,€1.6M,€21K
M. Lemina,23,Gabon,77,Southampton,€12M,€68K
M. Leye,34,Senegal,74,KAS Eupen,€3M,€15K
M. Lorenzen,22,Uganda,64,ADO Den Haag,€625K,€4K
M. Mahi,23,Morocco,74,FC Groningen,€7.5M,€12K
M. Makola,31,South Africa,72,Orlando Pirates,€2.7M,€1K
M. Mara,20,Guinea,61,FC Lorient,€375K,€2K
M. Marega,26,Mali,77,FC Porto,€9.5M,€17K
M. Mariga,30,Kenya,72,Real Oviedo,€2.3M,€7K
M. Masango,27,South Africa,69,Randers FC,€1.1M,€9K
M. Matip,31,Cameroon,76,FC Ingolstadt 04,€5M,€25K
M. Maâzou,28,Niger,73,RC Lens,€4.1M,€12K
M. Mbaye,21,Senegal,62,Carpi,€450K,€3K
M. Methnani,25,Tunisia,66,Al Qadisiyah,€800K,€5K
M. Mohsen,28,Egypt,65,,€0,
M. Mohsen,28,Egypt,65,,€0,€0.00
M. Munetsi,21,Zimbabwe,56,Orlando Pirates,€130K,€1K
M. N'Diaye,27,Mali,65,Royal Antwerp FC,€500K,€4K
M. Nakamba,23,Zimbabwe,73,Club Brugge KV,€4.7M,€18K
M. Ndoye-Baye,25,Senegal,66,Tours FC,€825K,€2K
M. Ngadeu-Ngadjui,26,Cameroon,70,,€0,
M. Ngadeu-Ngadjui,26,Cameroon,70,,€0,€0.00
M. Nyatama,29,South Africa,70,Orlando Pirates,€1.7M,€1K
M. Odjer,20,Ghana,67,Salernitana,€1.7M,€3K
M. Ogbu,26,Nigeria,65,IK Sirius,€675K,€1K
M. Olunga,23,Kenya,69,Girona CF,€1.6M,€13K
M. Omoh,25,Nigeria,65,Örebro SK,€650K,€2K
M. Osei Kwadwo,22,Ghana,64,1. FC Kaiserslautern,€675K,€4K
M. Salah,25,Egypt,83,Liverpool,€32.5M,€135K
M. Sall,31,Senegal,75,Royal Antwerp FC,€4.5M,€13K
M. Samassa,27,Mali,74,ES Troyes AC,€4.4M,€17K
M. Samatta,24,Tanzania,73,KRC Genk,€5.5M,€16K
M. Sanhaji,18,Morocco,60,CD Numancia,€280K,€1K
M. Seck,21,Senegal,62,Empoli,€400K,€7K
M. Simon,21,Nigeria,74,KAA Gent,€8M,€19K
M. Starke,26,Namibia,66,FC Carl Zeiss Jena,€750K,€1K
M. Sylla,23,Senegal,73,KAA Gent,€5.5M,€20K
M. Tagbajumi,29,Nigeria,66,Lillestrøm SK,€650K,€2K
M. Tandjigora,27,Gabon,63,CF Os Belenenses,€300K,€2K
M. Tchokounté,28,Cameroon,63,Paris FC,€375K,€2K
M. Terki,25,Algeria,69,Sporting Lokeren,€1.3M,€9K
M. Thiam,22,Senegal,68,Barnsley,€1.4M,€7K
M. Thiam,24,Senegal,72,Juventus,€4.1M,€54K
M. Tounkara,21,Senegal,65,Lazio,€975K,€10K
M. Turay,22,Sierra Leone,67,AFC Eskilstuna,€1.1M,€3K
M. Van Heerden,29,South Africa,66,Orlando Pirates,€475K,€1K
M. Wagué,18,Senegal,64,KAS Eupen,€825K,€2K
M. Wagué,26,Mali,74,Watford,€6M,€24K
M. Wakaso,26,Ghana,75,Deportivo Alavés,€7M,€23K
M. Yatabaré,31,Mali,69,Kardemir Karabükspor,€950K,€10K
M. Yattara,23,Guinea,70,AJ Auxerre,€2.4M,€7K
M. Zeffane,25,Algeria,69,Stade Rennais FC,€1.1M,€12K
Manucho,34,Angola,70,Rayo Vallecano,€925K,€10K
Manuel da Costa,31,Morocco,72,İstanbul Başakşehir FK,€2.1M,€16K
Mateus,33,Angola,73,Boavista FC,€2.4M,€10K
Mexer,28,Mozambique,77,Stade Rennais FC,€8M,€26K
Munir,28,Morocco,70,CD Numancia,€1.4M,€6K
N. Aankour,23,Morocco,69,Korona Kielce,€1.5M,€4K
N. Abdou,32,Comoros,64,AFC Wimbledon,€350K,€10K
N. Ampomah,21,Ghana,65,Waasland-Beveren,€800K,€3K
N. Amrabat,30,Morocco,79,CD Leganés,€12M,€69K
N. Asare,30,Ghana,75,KAA Gent,€4.9M,€19K
N. Bentaleb,22,Algeria,80,FC Schalke 04,€19.5M,€42K
N. Daghfous,30,Tunisia,69,SV Sandhausen,€1M,€5K
N. Dicko,25,Mali,69,Hull City,€1.3M,€8K
N. Dirar,31,Morocco,76,Fenerbahçe SK,€7M,€66K
N. El Zhar,30,Morocco,75,CD Leganés,€6.5M,€23K
N. Ghandri,22,Tunisia,63,Royal Antwerp FC,€450K,€2K
N. Ghilas,27,Algeria,72,Göztepe,€3.3M,€14K
N. Jaadi,21,Morocco,65,Udinese,€800K,€7K
N. Keïta,22,Guinea,83,RB Leipzig,€34M,€68K
N. Mohammed,23,Ghana,66,BK Häcken,€950K,€2K
N. Ngamaleu,22,Cameroon,67,BSC Young Boys,€1.1M,€13K
N. Ngcobo,17,South Africa,62,Kaizer Chiefs,€600K,€1K
N. Nkoulou,27,Cameroon,78,Torino,€10M,€57K
N. Nyauza,27,South Africa,65,Orlando Pirates,€500K,€1K
N. Sarenren Bazee,20,Nigeria,70,Hannover 96,€3.2M,€20K
N. Sliti,24,Tunisia,72,Dijon FCO,€3.8M,€23K
N. Tolo,20,Cameroon,64,Seattle Sounders FC,€700K,€2K
N. Welbeck,22,Ghana,60,Odense Boldklub,€325K,€2K
Nosa,26,Nigeria,74,Vancouver Whitecaps FC,€6M,€9K
Nsue,27,Equatorial Guinea,71,Birmingham City,€2M,€19K
Nuno Rocha,25,Cape Verde,69,FC Tosno,€1.4M,€13K
Núrio,22,Angola,68,Sporting Charleroi,€1M,€7K
O. Aina,20,Nigeria,64,Hull City,€900K,€3K
O. Assaidi,28,Morocco,73,FC Twente,€4M,€12K
O. Azubuike,20,Nigeria,66,Evkur Yeni Malatyaspor,€925K,€3K
O. Ba,21,Senegal,56,GFC Ajaccio,€120K,€1K
O. Bonnes,27,Niger,64,GwangJu FC,€475K,€2K
O. Bouy,24,Morocco,68,C.D. Leonesa S.A.D.,€1M,€16K
O. Cissé,26,Mali,66,Milton Keynes Dons,€650K,€4K
O. Colley,24,Gambia,74,KRC Genk,€6.5M,€13K
O. Coulibaly,27,Mali,72,Panathinaikos FC,€2.6M,€1K
O. El Hajjam,26,Morocco,69,Amiens SC Football,€1.1M,€11K
O. Gaber,25,Egypt,69,FC Basel,€1.2M,€18K
O. George,22,Nigeria,63,KAS Eupen,€475K,€2K
O. Haddadi,25,Tunisia,66,Dijon FCO,€700K,€5K
O. Jallow,28,Gambia,64,HJK Helsinki,€475K,€1K
O. Kayode,24,Nigeria,73,Girona CF,€5.5M,€88K
O. Mannéh,20,Gambia,63,Werder Bremen II,€725K,€1K
O. N'Diaye,25,Senegal,66,Gençlerbirliği SK,€700K,€5K
O. Ndidi,20,Nigeria,77,Leicester City,€12M,€47K
O. Nguette,22,Senegal,72,FC Metz,€4.3M,€10K
O. Niasse,27,Senegal,75,Everton,€7M,€88K
O. Onazi,24,Nigeria,74,Trabzonspor,€6M,€23K
O. Orji,19,Nigeria,66,Bologna,€1.4M,€9K
O. Sanganté,26,Senegal,60,La Berrichonne de Châteauroux,€240K,€1K
O. Sissoko,29,Mali,66,Le Havre AC,€500K,€2K
O. Tannane,23,Morocco,74,UD Las Palmas,€7.5M,€28K
O. Verdon,21,Benin,63,Girondins de Bordeaux,€525K,€5K
O. Zanzala,20,Congo,54,Derby County,€130K,€5K
O. Zanzala,20,Congo,54,Derby County,€130K,€5K
O. Zanzala,20,Congo,54,Derby County,€130K,€5K
O. Zanzala,20,Congo,54,Derby County,€130K,€5K
P. Asmah,21,Ghana,62,Salernitana,€400K,€1K
P. Aubameyang,28,Gabon,88,Borussia Dortmund,€61M,€165K
P. Bahanack,19,Cameroon,53,Stade de Reims,€80K,€1K
P. Boumal,24,Cameroon,60,FC Ural,€240K,€4K
P. Buaben,29,Ghana,63,Heart of Midlothian,€350K,€2K
P. Cissé,21,Senegal,65,Olympiakos CFP,€650K,€1K
P. Daka,18,Zambia,60,FC Red Bull Salzburg,€425K,€3K
P. Diamanka,27,Senegal,70,CD Numancia,€2M,€8K
P. Dibba,29,Gambia,66,Hammarby IF,€650K,€2K
P. Diop,31,Senegal,76,RCD Espanyol,€5M,€28K
P. Diouf,28,Senegal,63,Kalmar FF,€375K,€1K
P. Diouf,31,Senegal,62,Odds BK,€270K,€1K
P. Djilobodji,28,Senegal,76,Dijon FCO,€7M,€13K
P. Etebo,21,Nigeria,73,CD Feirense,€6M,€9K
P. Eze,24,Nigeria,68,Atiker Konyaspor,€1.2M,€11K
P. Garita,22,Cameroon,61,Bristol City,€400K,€8K
P. Jagne,27,Gambia,66,FC Zürich,€525K,€4K
P. Kpozo,19,Ghana,62,Östersunds FK,€400K,€1K
P. Malong,21,Cameroon,67,Granada CF,€1.2M,€20K
P. Nakoulma,30,Burkina Faso,75,FC Nantes,€6.5M,€23K
P. Nyarko,31,Ghana,67,D.C. United,€675K,€5K
P. Ofosu-Ayeh,25,Ghana,69,Wolverhampton Wanderers,€1.1M,€24K
P. Olayinka,21,Nigeria,70,SV Zulte-Waregem,€2.7M,€13K
P. Oniangué,28,Congo,70,Wolverhampton Wanderers,€1.8M,€35K
P. Oniangué,28,Congo,70,Wolverhampton Wanderers,€1.8M,€35K
P. Oniangué,28,Congo,70,Wolverhampton Wanderers,€1.8M,€35K
P. Oniangué,28,Congo,70,Wolverhampton Wanderers,€1.8M,€35K
P. Sané,25,Senegal,71,AJ Auxerre,€3.2M,€17K
P. Sarr,24,Senegal,62,FC Zürich,€400K,€3K
P. Segbefia,26,Togo,66,Göztepe,€750K,€5K
P. Souaré,27,Senegal,73,Crystal Palace,€3.7M,€44K
P. Tau,23,South Africa,76,,€0,
P. Tau,23,South Africa,76,,€0,€0.00
P. Utaka,33,Nigeria,72,F.C. Tokyo,€2M,€11K
P. Zulu,24,South Africa,64,Kaizer Chiefs,€575K,€1K
Q. Antipas,33,Zimbabwe,67,Hobro IK,€475K,€8K
R. Abdullah,23,Comoros,70,Cádiz C.F.,€2M,€5K
R. Alioui,25,Morocco,71,Nîmes Olympique,€3.1M,€5K
R. Azeez,24,Nigeria,67,CD Lugo,€900K,€5K
R. Aït Atmane,24,Algeria,71,Real Sporting de Gijón,€2.8M,€7K
R. Bensebaini,22,Algeria,75,Stade Rennais FC,€7.5M,€18K
R. Boudebouz,27,Algeria,81,Real Betis Balompié,€20.5M,€32K
R. Boujedra,23,Tunisia,64,US Quevilly-Rouen,€600K,€2K
R. Boukari,30,Togo,65,La Berrichonne de Châteauroux,€500K,€2K
R. Coetzee,20,South Africa,71,,€0,
R. Coetzee,20,South Africa,71,,€0,€0.00
R. Coly,21,Senegal,66,OGC Nice,€900K,€6K
R. Dwamena,21,Ghana,66,FC Zürich,€1.1M,€4K
R. Faty,30,Senegal,69,Bursaspor,€775K,€10K
R. Gestede,28,Benin,74,Middlesbrough,€6M,€21K
R. Ghezzal,25,Algeria,76,AS Monaco,€9.5M,€38K
R. Goteni,21,Congo,53,ES Troyes AC,€90K,€2K
R. Goteni,21,Congo,53,ES Troyes AC,€90K,€2K
R. Goteni,21,Congo,53,ES Troyes AC,€90K,€2K
R. Goteni,21,Congo,53,ES Troyes AC,€90K,€2K
R. Halliche,30,Algeria,71,Estoril Praia,€1.8M,€7K
R. Hassan,26,Nigeria,71,FC Midtjylland,€2.8M,€19K
R. Kakeeto,22,Uganda,53,Aalborg BK,€90K,€2K
R. Kenniche,24,Algeria,64,Al Qadisiyah,€500K,€4K
R. Kouamé,20,Mali,64,LOSC Lille,€675K,€8K
R. Lawal,27,Nigeria,73,Osmanlıspor,€3.9M,€17K
R. M'Bolhi,31,Algeria,69,Stade Rennais FC,€650K,€10K
R. Mahrez,26,Algeria,83,Leicester City,€30.5M,€88K
R. Mmaee,20,Morocco,64,Waasland-Beveren,€750K,€4K
R. Moon,20,South Africa,60,Kaizer Chiefs,€375K,€1K
R. Mphahlele,27,South Africa,71,Kaizer Chiefs,€2.2M,€1K
R. Norodien,22,South Africa,66,Orlando Pirates,€875K,€1K
R. Nyambe,19,Namibia,63,Blackburn Rovers,€700K,€1K
R. Rabia,24,Egypt,68,,€0,
R. Rabia,24,Egypt,68,,€0,€0.00
R. Saïss,27,Morocco,76,Wolverhampton Wanderers,€7.5M,€51K
R. Selasi,20,Ghana,60,Pescara,€300K,€1K
R. Sobhi,20,Egypt,74,Stoke City,€9.5M,€45K
R. Williams,25,South Africa,68,,€0,
R. Williams,25,South Africa,68,,€0,€0.00
Ricardo,36,Cape Verde,74,FC Paços de Ferreira,€750K,€8K
Ricardo Nunes,31,South Africa,67,Pogoń Szczecin,€500K,€4K
Ryan Mendes,27,Cape Verde,71,Kayserispor,€2.5M,€11K
S. Abalo,22,Ghana,64,Rio Ave FC,€550K,€2K
S. Abdullahi,20,Nigeria,69,Eintracht Braunschweig,€1.6M,€13K
S. Adegbenro,21,Nigeria,71,Rosenborg BK,€3.7M,€5K
S. Ajayi,23,Nigeria,64,Rotherham United,€675K,€3K
S. Akinola,24,Nigeria,57,Barnet,€140K,€2K
S. Alami,24,Morocco,66,Paris FC,€850K,€2K
S. Allagbé,23,Benin,68,Chamois Niortais FC,€975K,€3K
S. Allagui,31,Tunisia,72,FC St. Pauli,€2.7M,€14K
S. Altama,26,Chad,62,La Berrichonne de Châteauroux,€325K,€1K
S. Aluko,28,Nigeria,74,Reading,€5.5M,€38K
S. Amallah,20,Morocco,61,Royal Excel Mouscron,€425K,€2K
S. Ameobi,25,Nigeria,69,Bolton Wanderers,€1.3M,€20K
S. Ameobi,35,Nigeria,64,Notts County,€210K,€5K
S. Amrabat,20,Morocco,74,Feyenoord,€8.5M,€13K
S. Amuzie,21,Nigeria,61,FC Lugano,€325K,€4K
S. Asamoah,23,Ghana,65,Sint-Truidense VV,€700K,€3K
S. Aw,18,Senegal,56,KAS Eupen,€170K,€1K
S. Badji,27,Senegal,70,Kayserispor,€1.7M,€15K
S. Ben Youssef,28,Tunisia,72,Kasimpaşa SK,€2.8M,€11K
S. Benrahma,21,Algeria,68,La Berrichonne de Châteauroux,€1.3M,€14K
S. Bidaoui,27,Morocco,63,Avellino,€375K,€1K
S. Boufal,23,Morocco,79,Southampton,€17M,€90K
S. Camara,34,Senegal,69,Montpellier Hérault SC,€550K,€16K
S. Ciss,28,Senegal,69,Angers SCO,€825K,€13K
S. D'Almeida,21,Benin,64,Blackpool,€600K,€2K
S. Diallo,26,Guinea,71,Evkur Yeni Malatyaspor,€2.9M,€11K
S. Diarra,22,Mali,62,RC Lens,€400K,€2K
S. Diarra,33,Mali,68,Valenciennes FC,€550K,€4K
S. Doukara,25,Senegal,68,Osmanlıspor,€1.1M,€12K
S. Eduok,23,Nigeria,69,Kasimpaşa SK,€1.4M,€8K
S. Ekramy,33,Egypt,69,,€0,
S. Ekramy,33,Egypt,69,,€0,€0.00
S. Emaná,23,Cameroon,67,Gimnàstic de Tarragona,€1.1M,€7K
S. Erimuya,19,Nigeria,61,Cádiz C.F.,€325K,€1K
S. Eto'o,36,Cameroon,81,Antalyaspor,€6.5M,€22K
S. Feghouli,27,Algeria,79,Galatasaray SK,€13M,€77K
S. Fortès,25,Cape Verde,69,Toulouse FC,€1.1M,€14K
S. Gakpé,30,Togo,74,Amiens SC Football,€5.5M,€19K
S. Ganvoula,21,Congo,70,KV Mechelen,€2.7M,€14K
S. Ganvoula,21,Congo,70,KV Mechelen,€2.7M,€14K
S. Ganvoula,21,Congo,70,KV Mechelen,€2.7M,€14K
S. Ganvoula,21,Congo,70,KV Mechelen,€2.7M,€14K
S. Hanni,26,Algeria,77,RSC Anderlecht,€10.5M,€27K
S. Ibrahim,20,Nigeria,62,FK Haugesund,€475K,€1K
S. Igboun,26,Nigeria,74,FC Ufa,€6M,€29K
S. Kalu,19,Nigeria,70,KAA Gent,€3.1M,€9K
S. Khumalo,27,South Africa,67,Kaizer Chiefs,€625K,€1K
S. Kiyine,19,Morocco,61,Salernitana,€475K,€2K
S. Koita,23,Niger,69,Amiens SC Football,€1.5M,€11K
S. Konde,24,Guinea,65,Amkar Perm,€650K,€5K
S. Lagrou,25,Morocco,65,Al Nassr,€550K,€9K
S. Leuko,23,Cameroon,65,CD Lugo,€650K,€2K
S. Mané,25,Senegal,84,Liverpool,€39M,€175K
S. Marreh,21,Gambia,66,Real Valladolid,€775K,€10K
S. Martinsson Ngouali,25,Gabon,68,Hammarby IF,€1.2M,€4K
S. Mensiro,28,Ghana,63,Östersunds FK,€300K,€1K
S. Morsy,25,Egypt,68,Wigan Athletic,€1.1M,€8K
S. Mounié,22,Benin,76,Huddersfield Town,€11M,€50K
S. Moussa,29,Tunisia,60,Dundee FC,€210K,€1K
S. Mpontshane,31,South Africa,65,Orlando Pirates,€325K,€1K
S. Niang,22,Senegal,53,La Berrichonne de Châteauroux,€80K,€1K
S. Nimely,18,Liberia,61,Spartak Moscow,€525K,€6K
S. Ohawuchi,27,Nigeria,62,Al Qadisiyah,€325K,€4K
S. Oum Gouet,19,Cameroon,54,SCR Altach,€130K,€1K
S. Saad,28,Egypt,70,,€0,
S. Saad,28,Egypt,70,,€0,€0.00
S. Sakala,20,Zambia,63,Al Fateh,€550K,€5K
S. Sané,26,Senegal,79,Hannover 96,€12.5M,€47K
S. Sarr,21,Senegal,65,La Berrichonne de Châteauroux,€700K,€3K
S. Sawadogo,24,Burkina Faso,65,La Berrichonne de Châteauroux,€675K,€2K
S. Sessègnon,33,Benin,75,Montpellier Hérault SC,€3.9M,€25K
S. Seth,19,Nigeria,61,Evkur Yeni Malatyaspor,€425K,€1K
S. Siani,30,Cameroon,73,KV Oostende,€3.7M,€17K
S. Sow,28,Mali,73,Dinamo Moscow,€3.6M,€31K
S. Sunzu,28,Zambia,71,Arsenal Tula,€2.2M,€26K
S. Sy,21,Senegal,62,AS Monaco,€350K,€3K
S. Taïder,25,Algeria,75,Bologna,€8M,€44K
S. Tetteh,20,Ghana,58,FC Red Bull Salzburg,€230K,€4K
S. Tshabalala,32,South Africa,76,Kaizer Chiefs,€6M,€1K
S. Umar,20,Nigeria,67,Torino,€1.5M,€27K
S. Yago,24,Burkina Faso,71,Toulouse FC,€2.6M,€16K
S. Yatabaré,28,Mali,68,Royal Antwerp FC,€900K,€17K
Shikabala,31,Egypt,70,Al Raed,€1.6M,€17K
Simy,25,Nigeria,68,Crotone,€1.1M,€9K
Spinola,21,Cape Verde,56,Sarpsborg 08 FF,€130K,€1K
Sunny,28,Nigeria,69,Real Salt Lake,€850K,€5K
T. Agyepong,21,Ghana,67,NAC Breda,€1.1M,€5K
T. Amang,19,Cameroon,63,Molde FK,€800K,€1K
T. Awoniyi,19,Nigeria,64,Royal Excel Mouscron,€800K,€15K
T. Bifouma,25,Congo,74,Medicana Sivasspor,€7.5M,€16K
T. Bifouma,25,Congo,74,Medicana Sivasspor,€7.5M,€16K
T. Bifouma,25,Congo,74,Medicana Sivasspor,€7.5M,€16K
T. Bifouma,25,Congo,74,Medicana Sivasspor,€7.5M,€16K
T. Ebuehi,21,Nigeria,66,ADO Den Haag,€750K,€3K
T. Gabuza,29,South Africa,66,Orlando Pirates,€650K,€1K
T. Hadebe,21,Zimbabwe,60,Kaizer Chiefs,€290K,€1K
T. Hamed,28,Egypt,66,,€0,
T. Hamed,28,Egypt,66,,€0,€0.00
T. Hlatshwayo,27,South Africa,75,,€0,
T. Hlatshwayo,27,South Africa,75,,€0,€0.00
T. Kadewere,21,Zimbabwe,61,Djurgårdens IF,€375K,€1K
T. Kutumela,23,South Africa,65,Orlando Pirates,€725K,€1K
T. Langerman,31,South Africa,70,,€0,
T. Langerman,31,South Africa,70,,€0,€0.00
T. Lorch,23,South Africa,63,Orlando Pirates,€500K,€1K
T. Masilela,32,South Africa,71,Kaizer Chiefs,€1.3M,€1K
T. Matlaba,29,South Africa,74,Orlando Pirates,€4.3M,€1K
T. Ndoro,29,Zimbabwe,73,Al Faisaly,€4M,€29K
T. Partey,24,Ghana,77,Atlético Madrid,€10.5M,€41K
T. Qalinge,25,South Africa,69,Orlando Pirates,€1.2M,€1K
T. Rakhale,27,South Africa,70,Orlando Pirates,€1.9M,€1K
T. Rantie,26,South Africa,70,Gençlerbirliği SK,€1.9M,€14K
T. Sangweni,28,South Africa,67,Orlando Pirates,€750K,€1K
T. Serero,27,South Africa,74,Vitesse,€6.5M,€13K
T. Taiwo,32,Nigeria,71,AFC Eskilstuna,€1.3M,€4K
T. Tchani,28,Cameroon,69,Vancouver Whitecaps FC,€850K,€5K
T. Tissoudali,24,Morocco,68,VVV-Venlo,€1.2M,€5K
T. Zwane,27,South Africa,67,,€0,
T. Zwane,27,South Africa,67,,€0,€0.00
Thierry Graça,22,Cape Verde,63,Estoril Praia,€425K,€1K
Trezeguet,22,Egypt,71,Kasimpaşa SK,€3.2M,€14K
U. Agbo,21,Nigeria,71,Standard de Liège,€3M,€24K
U. Bangura,29,Sierra Leone,66,FC Zürich,€575K,€5K
U. Hassan Sale,21,Nigeria,64,Viking FK,€800K,€1K
V. Aboubakar,25,Cameroon,78,FC Porto,€13.5M,€17K
V. Aboubakar,25,Cameroon,78,FC Porto,€13.5M,€17K
V. Aboubakar,25,Cameroon,78,FC Porto,€13.5M,€17K
V. Aboubakar,25,Cameroon,78,FC Porto,€13.5M,€17K
V. Bindia,27,Senegal,63,Sandefjord Fotball,€300K,€1K
V. Ekani,20,Cameroon,50,SønderjyskE,€60K,€1K
V. Enyeama,34,Nigeria,80,LOSC Lille,€6M,€40K
V. Moses,26,Nigeria,79,Chelsea,€12.5M,€115K
V. Nambishi,19,Zambia,50,Silkeborg IF,€60K,€1K
V. Onovo,21,Nigeria,58,HJK Helsinki,€200K,€1K
V. Osimhen,18,Nigeria,65,VfL Wolfsburg,€1.1M,€10K
V. Sané,27,Senegal,70,AJ Auxerre,€1.7M,€12K
V. Solomon-Otabor,21,Nigeria,64,Blackpool,€775K,€6K
V. Wanyama,26,Kenya,82,Tottenham Hotspur,€23M,€99K
Valdo Alhinho,28,Angola,62,Al Batin,€300K,€3K
Varela,29,Cape Verde,75,PAOK Thessaloniki,€5M,€1K
W. Jebor,25,Liberia,67,Al Nassr,€950K,€23K
W. Kaptoum,20,Cameroon,67,FC Barcelona B,€1.3M,€4K
W. Katsande,31,Zimbabwe,73,Kaizer Chiefs,€2.7M,€1K
W. Mesloub,31,Algeria,71,FC Lorient,€1.6M,€6K
W. Meyiwa,17,South Africa,60,Kaizer Chiefs,€400K,€1K
W. Moke,29,Congo,65,Atiker Konyaspor,€425K,€5K
W. Moke,29,Congo,65,Atiker Konyaspor,€425K,€5K
W. Moke,29,Congo,65,Atiker Konyaspor,€425K,€5K
W. Moke,29,Congo,65,Atiker Konyaspor,€425K,€5K
W. Owusu,27,Ghana,66,Royal Antwerp FC,€675K,€5K
W. Sandilands,33,South Africa,70,Orlando Pirates,€900K,€1K
W. Tchuameni,20,Cameroon,63,SønderjyskE,€825K,€3K
W. Troost-Ekong,23,Nigeria,71,Bursaspor,€2.7M,€10K
W. Twala,27,South Africa,67,Kaizer Chiefs,€800K,€1K
Y. Abdelhamid,29,Morocco,70,Stade de Reims,€1.4M,€7K
Y. Ait Bennasser,20,Morocco,72,SM Caen,€5M,€17K
Y. Attal,21,Algeria,65,KV Kortrijk,€725K,€3K
Y. Ayoub,23,Morocco,76,FC Utrecht,€10M,€13K
Y. Bammou,25,Morocco,72,FC Nantes,€4M,€17K
Y. Banana,25,Cameroon,72,,€0,
Y. Banana,25,Cameroon,72,,€0,€0.00
Y. Baraye,25,Senegal,66,Parma,€775K,€2K
Y. Belaïli,25,Algeria,64,Angers SCO,€575K,€7K
Y. Belhanda,27,Morocco,81,Galatasaray SK,€18.5M,€71K
Y. Benalouane,30,Tunisia,75,Leicester City,€4.9M,€52K
Y. Benzia,22,Algeria,76,LOSC Lille,€10.5M,€39K
Y. Bissouma,20,Mali,70,LOSC Lille,€2.8M,€21K
Y. Bnou-Marzouk,21,Morocco,67,FC Lugano,€1.4M,€5K
Y. Bounou,26,Morocco,71,Girona CF,€2.1M,€12K
Y. Brahimi,27,Algeria,82,FC Porto,€23M,€21K
Y. Chibsah,24,Ghana,71,Benevento Calcio,€3.3M,€17K
Y. Coulibaly,22,Burkina Faso,62,Le Havre AC,€375K,€1K
Y. En-Nesyri,20,Morocco,69,Málaga CF,€1.7M,€12K
Y. Eteki,19,Cameroon,68,Sevilla Atlético,€1.4M,€2K
Y. Hadji,37,Morocco,70,AS Nancy Lorraine,€625K,€5K
Y. Kakoko,27,Congo,63,Arka Gdynia,€350K,€2K
Y. Kakoko,27,Congo,63,Arka Gdynia,€350K,€2K
Y. Kakoko,27,Congo,63,Arka Gdynia,€350K,€2K
Y. Kakoko,27,Congo,63,Arka Gdynia,€350K,€2K
Y. Koné,21,Mali,64,Stade de Reims,€600K,€8K
Y. M'Boné,24,Cameroon,64,La Berrichonne de Châteauroux,€500K,€2K
Y. M'Changama,26,Comoros,63,GFC Ajaccio,€425K,€2K
Y. Maart,21,South Africa,57,Orlando Pirates,€170K,€1K
Y. Mokhtar,25,Morocco,71,PEC Zwolle,€2.8M,€8K
Y. Musavu-King,25,Gabon,70,FC St. Gallen,€1.9M,€16K
Y. Njie,23,Gambia,62,Boavista FC,€400K,€2K
Y. Sankharé,27,Senegal,77,Girondins de Bordeaux,€9M,€45K
Y. Songo'o,25,Cameroon,62,Plymouth Argyle,€300K,€2K
Y. Sylla,26,Mali,72,Panathinaikos FC,€3.3M,€1K
Y. Tafer,26,Algeria,68,FC St. Gallen,€1.1M,€10K
Y. Touzghar,30,Tunisia,70,FC Sochaux-Montbéliard,€1.7M,€8K
Y. Yeboah,20,Ghana,66,Real Oviedo,€1.1M,€3K
Z. Bergdich,28,Morocco,68,FC Sochaux-Montbéliard,€900K,€7K
Z. El Azzouzi,21,Morocco,67,Excelsior,€1.1M,€7K
Z. Feddal,27,Morocco,77,Real Betis Balompié,€8.5M,€24K
Z. Ferhat,24,Algeria,69,Le Havre AC,€1.4M,€5K
Z. Labyad,24,Morocco,75,FC Utrecht,€8.5M,€11K
Z. Randriambololona,23,Madagascar,62,Royal Antwerp FC,€400K,€2K
Z. Touré,27,Senegal,70,FC Lorient,€1.7M,€6K
Zainadine,29,Mozambique,74,CS Marítimo,€4.4M,€10K
Zizo,21,Egypt,65,Moreirense FC,€825K,€2K
Zé Luís,26,Cape Verde,79,Spartak Moscow,€15.5M,€80K
