A. Abbas,30,Iraq,64,Wellington Phoenix,€325K,€2K
A. Abbas,32,Saudi Arabia,62,Al Faisaly,€170K,€4K
A. Abedzadeh,24,Iran,62,CS Marítimo,€290K,€1K
A. Adnan,23,Iraq,73,Udinese,€4.6M,€20K
A. Afif,20,Qatar,68,KAS Eupen,€1.4M,€14K
A. Al Ammar,23,Saudi Arabia,61,Al Fateh,€325K,€4K
A. Al Amoudi,30,Saudi Arabia,56,Ohod Club,€90K,€3K
A. Al Amri,22,Saudi Arabia,55,Al Ittihad,€90K,€3K
A. Al Aryani,21,Saudi Arabia,59,Al Ittihad,€260K,€5K
A. Al Asmari,20,Saudi Arabia,62,Al Ahli,€500K,€5K
A. Al Assiri,28,Saudi Arabia,55,Ohod Club,€70K,€3K
A. Al Asta,30,Saudi Arabia,67,Al Nassr,€550K,€20K
A. Al Barakah,26,Saudi Arabia,62,Al Fayha,€300K,€4K
A. Al Basisi,39,Saudi Arabia,52,Ohod Club,€0,€1K
A. Al Bishi,23,Saudi Arabia,64,Al Taawoun,€625K,€8K
A. Al Bukhari,22,Saudi Arabia,59,Ettifaq FC,€190K,€2K
A. Al Bulayhi,27,Saudi Arabia,63,Al Hilal,€300K,€6K
A. Al Dawsari,19,Saudi Arabia,59,Al Taawoun,€300K,€3K
A. Al Dawsari,27,Saudi Arabia,62,Al Fateh,€290K,€5K
A. Al Dawsari,28,Saudi Arabia,64,Al Hilal,€450K,€11K
A. Al Dohaim,23,Saudi Arabia,62,Al Ittihad,€375K,€5K
A. Al Eid,19,Saudi Arabia,52,Al Fateh,€110K,€2K
A. Al Enazi,22,Saudi Arabia,54,Ohod Club,€80K,€2K
A. Al Enezi,26,Saudi Arabia,65,Al Nassr,€425K,€8K
A. Al Fahad,23,Saudi Arabia,64,Al Shabab,€500K,€7K
A. Al Fahad,25,Saudi Arabia,60,Al Fayha,€250K,€3K
A. Al Fahmi,26,Saudi Arabia,60,Al Qadisiyah,€190K,€2K
A. Al Faraj,28,Saudi Arabia,69,Al Nassr,€850K,€21K
A. Al Fraidi,29,Saudi Arabia,68,Al Nassr,€875K,€23K
A. Al Ghamdi,22,Saudi Arabia,67,Al Ittihad,€1.1M,€21K
A. Al Hafith,24,Saudi Arabia,65,Al Hilal,€725K,€8K
A. Al Haidari,20,Saudi Arabia,52,Ohod Club,€60K,€2K
A. Al Harbi,22,Saudi Arabia,59,Al Raed,€170K,€3K
A. Al Hbeab,24,Saudi Arabia,60,Ettifaq FC,€260K,€2K
A. Al Jebreen,27,Saudi Arabia,69,Al Nassr,€875K,€20K
A. Al Joui,22,Saudi Arabia,57,Al Batin,€180K,€2K
A. Al Kassar,26,Saudi Arabia,66,Ettifaq FC,€575K,€4K
A. Al Khaibari,27,Saudi Arabia,64,Ettifaq FC,€375K,€5K
A. Al Khaibari,31,Saudi Arabia,71,Al Hilal,€1.6M,€24K
A. Al Khulaif,20,Saudi Arabia,61,Al Ahli,€425K,€5K
A. Al Mayoof,30,Saudi Arabia,69,Al Hilal,€675K,€16K
A. Al Mazaidi,31,Saudi Arabia,63,Al Fateh,€220K,€4K
A. Al Megbas,21,Saudi Arabia,58,Al Shabab,€210K,€4K
A. Al Meshaweh,21,Saudi Arabia,55,Al Raed,€110K,€2K
A. Al Mutairi,21,Saudi Arabia,55,Al Batin,€140K,€2K
A. Al Mutairi,31,Saudi Arabia,65,Al Fayha,€475K,€6K
A. Al Najai,22,Saudi Arabia,54,Al Faisaly,€80K,€2K
A. Al Najjar,20,Saudi Arabia,59,Al Ittihad,€280K,€4K
A. Al Nazera,24,Saudi Arabia,64,Al Fateh,€600K,€9K
A. Al Obaid,24,Saudi Arabia,66,Al Qadisiyah,€700K,€4K
A. Al Obud,22,Saudi Arabia,53,Ettifaq FC,€100K,€2K
A. Al Owayshir,26,Saudi Arabia,65,Al Fateh,€500K,€6K
A. Al Qahtani,24,Saudi Arabia,64,Al Fayha,€600K,€5K
A. Al Qarni,33,Saudi Arabia,66,Al Ittihad,€325K,€8K
A. Al Qasir,24,Saudi Arabia,53,Al Raed,€70K,€3K
A. Al Ruwaili,30,Saudi Arabia,69,Al Fayha,€775K,€12K
A. Al Sahabi,30,Saudi Arabia,66,Al Ahli,€475K,€10K
A. Al Saleh,27,Saudi Arabia,59,Ettifaq FC,€130K,€2K
A. Al Salem,24,Saudi Arabia,66,Al Fayha,€875K,€5K
A. Al Salman,23,Saudi Arabia,56,Al Taawoun,€120K,€3K
A. Al Sdairy,25,Saudi Arabia,62,Al Shabab,€280K,€4K
A. Al Shahrani,23,Saudi Arabia,53,Al Qadisiyah,€80K,€2K
A. Al Shamekh,24,Saudi Arabia,64,Al Raed,€500K,€5K
A. Al Shammari,21,Saudi Arabia,52,Al Batin,€70K,€1K
A. Al Shammari,23,Saudi Arabia,57,Al Taawoun,€120K,€3K
A. Al Shammari,28,Saudi Arabia,65,Al Raed,€425K,€6K
A. Al Shammary,21,Saudi Arabia,58,Al Batin,€220K,€4K
A. Al Sharid,23,Saudi Arabia,55,Al Taawoun,€110K,€3K
A. Al Shehri,23,Saudi Arabia,55,Ettifaq FC,€130K,€2K
A. Al Shehry,21,Saudi Arabia,53,Al Qadisiyah,€60K,€1K
A. Al Suhail,28,Saudi Arabia,57,Al Taawoun,€100K,€3K
A. Al Sulayhim,23,Saudi Arabia,65,Al Shabab,€625K,€7K
A. Al Suwat,22,Saudi Arabia,60,Al Taawoun,€300K,€3K
A. Al Turki,23,Saudi Arabia,59,Al Taawoun,€210K,€3K
A. Al Yahya,28,Saudi Arabia,57,Ohod Club,€110K,€4K
A. Al Yami,26,Saudi Arabia,63,Al Ittihad,€350K,€6K
A. Al Yousif,19,Saudi Arabia,52,Al Fateh,€70K,€2K
A. Al Zahrani,23,Saudi Arabia,54,Al Raed,€70K,€2K
A. Al Zaqan,26,Saudi Arabia,64,Al Fateh,€475K,€8K
A. Al Zori,29,Saudi Arabia,68,Al Hilal,€675K,€21K
A. Al-Habsi,35,Oman,73,Al Hilal,€950K,€17K
A. Alkhaibari,20,Saudi Arabia,55,Al Shabab,€130K,€3K
A. Aseri,23,Saudi Arabia,72,Al Ahli,€4.6M,€23K
A. Asiri,25,Saudi Arabia,71,Al Ittihad,€2.4M,€23K
A. Ateef,24,Saudi Arabia,71,Al Hilal,€2.8M,€20K
A. Ateef,34,Saudi Arabia,66,Al Shabab,€200K,€9K
A. Awaji,23,Saudi Arabia,54,Al Faisaly,€90K,€3K
A. Awaji,27,Saudi Arabia,66,Al Ahli,€675K,€10K
A. Ba Masoud,21,Saudi Arabia,57,Al Fayha,€180K,€4K
A. Babacan,17,Turkey,61,Galatasaray SK,€500K,€5K
A. Babacan,19,Turkey,64,Akhisar Belediyespor,€675K,€3K
A. Barada,26,Japan,66,Omiya Ardija,€775K,€2K
A. Bin Khayrallah,21,Saudi Arabia,63,Al Taawoun,€525K,€5K
A. Büyük,29,Turkey,71,Evkur Yeni Malatyaspor,€2.4M,€13K
A. Cohen,28,Israel,75,FC Ingolstadt 04,€5.5M,€22K
A. Dadakdeniz,17,Turkey,62,Bursaspor,€400K,€1K
A. Dagriri,27,Saudi Arabia,61,Al Fayha,€170K,€3K
A. Dannah,23,Saudi Arabia,55,Al Fateh,€120K,€3K
A. Demircan,26,Turkey,68,Atiker Konyaspor,€750K,€8K
A. Durak,30,Turkey,70,Kasimpaşa SK,€1.6M,€11K
A. Edathodika,30,India,55,,€0,
A. Edathodika,30,India,55,,€0,€0.00
A. Erdem,28,Turkey,69,İstanbul Başakşehir FK,€825K,€14K
A. Esaka,25,Japan,65,Omiya Ardija,€700K,€2K
A. Fadlalla,23,Qatar,66,KAS Eupen,€750K,€3K
A. Falatah,33,Saudi Arabia,67,Al Ittihad,€290K,€20K
A. Fallatah,23,Saudi Arabia,62,Al Qadisiyah,€350K,€3K
A. Fantini,19,Japan,54,Sagan Tosu,€120K,€1K
A. Fernandes,28,India,58,,€0,
A. Fernandes,28,India,58,,€0,€0.00
A. Fukumori,24,Japan,55,Hokkaido Consadole Sapporo,€100K,€1K
A. Fukuta,25,Japan,64,Sagan Tosu,€525K,€2K
A. George,25,India,58,,€0,
A. George,25,India,58,,€0,€0.00
A. Georgiou,17,Cyprus,51,Stevenage,€70K,€1K
A. Georgiou,20,Cyprus,58,Tottenham Hotspur,€280K,€8K
A. Gogić,23,Cyprus,57,Hamilton Academical FC,€130K,€1K
A. Guliev,21,Azerbaijan,59,FC Ural,€240K,€4K
A. Haghighi,29,Iran,71,AFC Eskilstuna,€1.6M,€3K
A. Hasegawa,28,Japan,62,Omiya Ardija,€300K,€1K
A. Hayashi,30,Japan,66,F.C. Tokyo,€425K,€3K
A. Hazazi,23,Saudi Arabia,58,Ettifaq FC,€170K,€2K
A. Hyodo,35,Japan,62,Ventforet Kofu,€130K,€1K
A. Ienaga,31,Japan,69,Kawasaki Frontale,€950K,€6K
A. Jafar,23,Saudi Arabia,63,Al Shabab,€500K,€5K
A. Jahanbakhsh,23,Iran,75,AZ Alkmaar,€8.5M,€11K
A. Jezawi,28,Saudi Arabia,61,Al Raed,€250K,€4K
A. Kano,27,Saudi Arabia,62,Al Fayha,€260K,€4K
A. Kara,24,Turkey,66,Evkur Yeni Malatyaspor,€750K,€7K
A. Karabulut,29,Turkey,69,Antalyaspor,€1M,€12K
A. Karaer,29,Turkey,68,Osmanlıspor,€675K,€11K
A. Karnuçu,17,Turkey,60,Galatasaray SK,€375K,€3K
A. Kawamoto,27,Japan,62,Ventforet Kofu,€325K,€1K
A. Kawazura,23,Japan,50,Omiya Ardija,€30K,€1K
A. Khalaf,25,Iraq,65,Ettifaq FC,€575K,€4K
A. Khongjee,29,India,58,,€0,
A. Khongjee,29,India,58,,€0,€0.00
A. Koçaklı,18,Turkey,60,Alanyaspor,€325K,€1K
A. Kurdy,25,Saudi Arabia,66,Al Ahli,€675K,€9K
A. Kurokawa,19,Japan,50,Omiya Ardija,€60K,€1K
A. Köse,20,Turkey,60,Fenerbahçe SK,€400K,€7K
A. Madibo,20,Qatar,61,KAS Eupen,€350K,€2K
A. Madu,23,Saudi Arabia,63,Al Nassr,€400K,€5K
A. Majrashi,19,Saudi Arabia,60,Al Ahli,€325K,€3K
A. Majrashi,21,Saudi Arabia,53,Ettifaq FC,€80K,€1K
A. Majrashi,25,Saudi Arabia,62,Al Fateh,€290K,€4K
A. Merkel,25,Kazakhstan,68,VfL Bochum,€1.1M,€11K
A. Mhawi,21,Iraq,62,Al Batin,€425K,€2K
A. Moein,21,Qatar,63,C.D. Leonesa S.A.D.,€575K,€1K
A. Mondal,27,India,58,,€0,
A. Mondal,27,India,58,,€0,€0.00
A. Nakamura,26,Japan,67,Kashima Antlers,€825K,€8K
A. Nukan,23,Turkey,72,Beşiktaş JK,€3.7M,€28K
A. Onaiwu,21,Japan,61,Urawa Red Diamonds,€350K,€2K
A. Oğuz,24,Turkey,72,Gençlerbirliği SK,€3.4M,€10K
A. Potuk,26,Turkey,77,Fenerbahçe SK,€11M,€66K
A. Razeek,22,Sri Lanka,60,Rot-Weiß Erfurt,€325K,€1K
A. Samizadeh,18,Iran,57,Kilmarnock,€220K,€1K
A. Sevinç,18,Turkey,64,Trabzonspor,€925K,€6K
A. Sharahili,23,Saudi Arabia,63,Al Fateh,€500K,€5K
A. Shuhail,32,Saudi Arabia,61,Al Ittihad,€140K,€6K
A. Singh,24,India,52,,€0,
A. Singh,24,India,52,,€0,€0.00
A. Sulu,31,Turkey,76,SV Darmstadt 98,€5M,€27K
A. Suzuki,30,Japan,52,Yokohama F. Marinos,€30K,€1K
A. Takagi,19,Japan,54,Gamba Osaka,€150K,€1K
A. Tanaka,18,Japan,61,Kawasaki Frontale,€525K,€1K
A. Tanaka,29,Japan,67,HJK Helsinki,€750K,€1K
A. Turan,25,Turkey,67,Kayserispor,€825K,€8K
A. Turan,30,Turkey,82,FC Barcelona,€20.5M,€170K
A. Turan,33,Turkey,70,Atiker Konyaspor,€725K,€12K
A. Türkaslan,22,Turkey,63,Osmanlıspor,€375K,€2K
A. Uchida,29,Japan,73,1. FC Union Berlin,€3M,€30K
A. Uludağ,26,Turkey,65,Gençlerbirliği SK,€525K,€5K
A. Vural,26,Turkey,69,Medicana Sivasspor,€875K,€7K
A. Wailbi,26,Saudi Arabia,65,Al Nassr,€525K,€10K
A. Yasin,26,Iraq,68,BK Häcken,€1.1M,€7K
A. Yiğiter,17,Turkey,53,Fenerbahçe SK,€100K,€2K
A. Zain,25,Saudi Arabia,66,Al Ahli,€700K,€10K
A. Çalık,23,Turkey,74,Galatasaray SK,€6.5M,€39K
A. Çamdalı,33,Turkey,74,Atiker Konyaspor,€2.3M,€17K
A. Çeviker,27,Turkey,64,Akhisar Belediyespor,€450K,€5K
A. Ömür,18,Turkey,64,Trabzonspor,€750K,€5K
A. Özbiliz,27,Armenia,73,Beşiktaş JK,€4.2M,€43K
A. Özek,29,Turkey,71,Gençlerbirliği SK,€2.3M,€14K
A. Şahin,39,Turkey,70,Kardemir Karabükspor,€120K,€5K
B. Al Baqi,27,Saudi Arabia,60,Al Ahli,€170K,€4K
B. Al Mutairi,27,Saudi Arabia,60,Al Batin,€170K,€2K
B. Al Nakhli,28,Saudi Arabia,55,Ohod Club,€90K,€3K
B. Al Nakhli,29,Saudi Arabia,69,Al Ittihad,€825K,€21K
B. Al Seliteen,26,Saudi Arabia,63,Al Raed,€400K,€4K
B. Atik,22,Turkey,64,1. FC Kaiserslautern,€675K,€8K
B. Başaçıkoğlu,22,Turkey,73,Feyenoord,€5.5M,€15K
B. Başdaş,27,Turkey,68,Kardemir Karabükspor,€750K,€8K
B. Dabanli,27,Turkey,66,Rot-Weiß Erfurt,€650K,€1K
B. Emir,29,Turkey,66,Alanyaspor,€475K,€4K
B. Jairu,35,India,59,,€0,
B. Jairu,35,India,59,,€0,€0.00
B. Jradi,23,Lebanon,69,Strømsgodset IF,€1.4M,€3K
B. Kavlak,20,Turkey,58,Evkur Yeni Malatyaspor,€190K,€2K
B. Kayal,29,Israel,73,Brighton & Hove Albion,€3.8M,€46K
B. Körk,37,Turkey,67,Akhisar Belediyespor,€50K,€5K
B. Kısa,34,Turkey,71,Bursaspor,€1.2M,€13K
B. Natcho,29,Israel,76,CSKA Moscow,€6M,€46K
B. Nouri,30,Iraq,69,Östersunds FK,€975K,€4K
B. Parlak,27,Turkey,66,Alanyaspor,€600K,€4K
B. Reichert,23,Israel,64,SV Zulte-Waregem,€600K,€4K
B. Turan,20,Turkey,60,Kasimpaşa SK,€325K,€2K
B. Yardımcı,24,Turkey,68,Bursaspor,€900K,€9K
B. Yılmaz,31,Turkey,78,Trabzonspor,€9.5M,€38K
B. Özcan,19,Turkey,67,VfB Stuttgart,€1.3M,€8K
C. Alkılıç,29,Turkey,67,Alanyaspor,€575K,€9K
C. Aydin,23,Turkey,62,Kayserispor,€350K,€2K
C. Erkin,28,Turkey,76,Beşiktaş JK,€6M,€49K
C. Gönen,29,Turkey,71,Málaga CF,€1.8M,€13K
C. Gülselam,29,Turkey,72,Kardemir Karabükspor,€2.4M,€11K
C. Kahraman,18,Turkey,55,1. FC Union Berlin,€180K,€3K
C. Kyriakou,22,Cyprus,67,Estoril Praia,€975K,€5K
C. Masuda,32,Japan,68,Shimizu S-Pulse,€525K,€3K
C. Osmanpaşa,29,Turkey,69,Akhisar Belediyespor,€825K,€11K
C. Shelis,17,Cyprus,53,Shrewsbury,€110K,€1K
C. Singh,20,India,52,,€0,
C. Singh,20,India,52,,€0,€0.00
C. Songkrasin,23,Thailand,65,Hokkaido Consadole Sapporo,€675K,€2K
C. Söyüncü,21,Turkey,74,SC Freiburg,€8M,€17K
C. Togashi,23,Japan,64,Yokohama F. Marinos,€600K,€3K
C. Tosun,17,Turkey,63,Trabzonspor,€725K,€3K
C. Tosun,26,Turkey,78,Beşiktaş JK,€12.5M,€56K
C. Özdemir,24,Turkey,66,Medicana Sivasspor,€800K,€4K
C. Ünder,19,Turkey,74,Roma,€8.5M,€29K
D. Akiyama,22,Japan,51,Cerezo Osaka,€50K,€1K
D. Al Qarni,28,Saudi Arabia,61,Al Fayha,€200K,€4K
D. Araki,23,Japan,55,Júbilo Iwata,€110K,€1K
D. Arshakyan,22,Armenia,63,Chicago Fire Soccer Club,€525K,€2K
D. Barlaser,20,Turkey,57,Newcastle United,€230K,€6K
D. Davari,29,Iran,64,MSV Duisburg,€300K,€2K
D. Erdoğan,20,Turkey,62,LASK Linz,€650K,€3K
D. Kadah,31,Turkey,73,Antalyaspor,€3.5M,€19K
D. Kamada,20,Japan,70,Eintracht Frankfurt,€2.9M,€15K
D. Khocholava,24,Georgia,68,Shakhtar Donetsk,€1M,€1K
D. Kikuchi,26,Japan,68,Urawa Red Diamonds,€950K,€8K
D. Kobayashi,34,Japan,64,New England Revolution,€220K,€3K
D. Kılıç,21,Turkey,64,Göztepe,€775K,€4K
D. Lalhlimpuia,19,India,54,,€0,
D. Lalhlimpuia,19,India,54,,€0,€0.00
D. Maekawa,22,Japan,50,Vissel Kobe,€30K,€1K
D. Matsuzaka,19,Japan,53,Southend United,€100K,€1K
D. Nasu,35,Japan,62,Urawa Red Diamonds,€70K,€2K
D. Nazarov,27,Azerbaijan,68,FC Erzgebirge Aue,€950K,€6K
D. Nishi,29,Japan,67,Kashima Antlers,€575K,€8K
D. Niwa,31,Japan,69,Sanfrecce Hiroshima,€700K,€7K
D. Ogawa,25,Japan,56,Júbilo Iwata,€90K,€1K
D. Sato,22,Philippines,54,AC Horsens,€90K,€1K
D. Schmidt,25,Japan,60,Vegalta Sendai,€190K,€1K
D. Skhirtladze,24,Georgia,63,Silkeborg IF,€525K,€2K
D. Suga,18,Japan,57,Hokkaido Consadole Sapporo,€220K,€1K
D. Sugimoto,23,Japan,59,Yokohama F. Marinos,€150K,€1K
D. Suzuki,27,Japan,70,Gimnàstic de Tarragona,€1.5M,€7K
D. Türüç,24,Turkey,75,Kayserispor,€9M,€13K
D. Watabe,28,Japan,58,Omiya Ardija,€100K,€1K
D. Yılmaz,29,Azerbaijan,70,Bursaspor,€1.8M,€15K
D. Zeaiter,22,Lebanon,61,MSV Duisburg,€240K,€1K
Dai Wai-Tsun,17,Hong Kong,54,Bury,€130K,€1K
E. Akbaba,24,Turkey,74,Alanyaspor,€7.5M,€13K
E. Albayrak,26,Turkey,74,Atiker Konyaspor,€5.5M,€17K
E. Ataseven,24,Turkey,64,Akhisar Belediyespor,€500K,€4K
E. Başsan,25,Turkey,71,Galatasaray SK,€3M,€34K
E. Bekdemir,25,Turkey,71,Osmanlıspor,€2.8M,€13K
E. Belözoğlu,36,Turkey,79,İstanbul Başakşehir FK,€4M,€26K
E. Birniçan,28,Turkey,65,Kasimpaşa SK,€375K,€4K
E. Coşkun,23,Turkey,61,Göztepe,€325K,€3K
E. Ersoy,20,Turkey,69,Bursaspor,€1.8M,€8K
E. Ersu,23,Turkey,63,Fenerbahçe SK,€400K,€7K
E. Gülüm,30,Turkey,74,Adelaide United,€4.2M,€7K
E. Güral,28,Turkey,65,Antalyaspor,€550K,€6K
E. Karaca,27,Turkey,70,Alanyaspor,€2M,€11K
E. Kawashima,34,Japan,72,FC Metz,€1.3M,€8K
E. Kaş,25,Turkey,69,Kayserispor,€1.1M,€8K
E. Keleş,30,Turkey,65,Medicana Sivasspor,€525K,€5K
E. Korkmaz,34,Turkey,73,İstanbul Başakşehir FK,€1.2M,€23K
E. Kılınç,22,Turkey,62,Medicana Sivasspor,€525K,€3K
E. Lyngdoh,30,India,61,,€0,
E. Lyngdoh,30,India,61,,€0,€0.00
E. Manucharyan,30,Armenia,70,FC Ural,€1.7M,€23K
E. Mor,19,Turkey,70,RC Celta de Vigo,€3.8M,€9K
E. Nefiz,22,Turkey,67,Alanyaspor,€1.2M,€8K
E. Nouri,31,Azerbaijan,63,Kalmar FF,€240K,€1K
E. Sarraj,27,Saudi Arabia,65,Al Faisaly,€575K,€10K
E. Selen,22,Turkey,55,Evkur Yeni Malatyaspor,€110K,€1K
E. Shomurodov,22,Uzbekistan,63,FC Rostov,€600K,€6K
E. Taşdemir,21,Turkey,70,Bursaspor,€2.1M,€9K
E. Tozlu,26,Turkey,67,Evkur Yeni Malatyaspor,€900K,€10K
E. Çolak,26,Turkey,79,RC Deportivo de La Coruña,€15.5M,€32K
E. Özbir,27,Turkey,63,Evkur Yeni Malatyaspor,€300K,€2K
E. Ünal,20,Turkey,74,Villarreal CF,€9M,€25K
E. İşcan,25,Turkey,62,Galatasaray SK,€280K,€7K
E. Şahin,22,Turkey,72,FC St. Pauli,€4.2M,€12K
E. Şehit,21,Turkey,62,Gençlerbirliği SK,€525K,€8K
Eddy,24,Azerbaijan,66,Gimnàstic de Tarragona,€750K,€3K
F. Aksoy,19,Turkey,63,Beşiktaş JK,€575K,€4K
F. Al Aiyaf,25,Saudi Arabia,63,Al Raed,€475K,€4K
F. Al Berahim,30,Kuwait,71,Al Ittihad,€1.8M,€24K
F. Al Habib,19,Saudi Arabia,58,Al Shabab,€140K,€1K
F. Al Hajeri,25,Kuwait,61,Ettifaq FC,€270K,€3K
F. Al Harbi,21,Saudi Arabia,54,Al Raed,€110K,€2K
F. Al Johani,24,Saudi Arabia,50,Ohod Club,€30K,€2K
F. Al Johani,25,Saudi Arabia,61,Al Qadisiyah,€325K,€3K
F. Al Kharaa,23,Saudi Arabia,63,Al Taawoun,€400K,€5K
F. Al Masrahi,24,Saudi Arabia,63,Al Qadisiyah,€375K,€2K
F. Al Muwallad,22,Saudi Arabia,74,Al Ittihad,€8.5M,€32K
F. Al Qarni,25,Saudi Arabia,67,Al Ittihad,€675K,€15K
F. Al Reshedi,26,Saudi Arabia,61,Al Raed,€300K,€4K
F. Al Shammari,36,Saudi Arabia,62,Al Fayha,€40K,€2K
F. Al Subaiei,34,Saudi Arabia,63,Al Taawoun,€150K,€3K
F. Al Yamani,27,Saudi Arabia,64,Al Faisaly,€450K,€7K
F. Bin Jamayah,22,Saudi Arabia,58,Al Nassr,€200K,€5K
F. Bin Munyif,23,Saudi Arabia,55,Al Faisaly,€90K,€3K
F. Bolkiah,19,Brunei Darussalam,55,Leicester City,€190K,€5K
F. Canlı,20,Turkey,57,Evkur Yeni Malatyaspor,€170K,€2K
F. Cardozo,29,India,53,,€0,
F. Cardozo,29,India,53,,€0,€0.00
F. Darwish,25,Saudi Arabia,65,Al Hilal,€475K,€9K
F. Fallatah,28,Saudi Arabia,63,Al Qadisiyah,€325K,€3K
F. Ghazi,23,Saudi Arabia,60,Al Shabab,€240K,€4K
F. Görgülü,25,Turkey,66,Kardemir Karabükspor,€625K,€4K
F. Gürden,18,Turkey,55,Evkur Yeni Malatyaspor,€160K,€1K
F. Hayakawa,23,Japan,57,Albirex Niigata,€120K,€1K
F. Kaplan,28,Turkey,67,Antalyaspor,€625K,€9K
F. Musaev,28,Uzbekistan,61,Júbilo Iwata,€200K,€1K
F. Pekşen,21,Turkey,60,Evkur Yeni Malatyaspor,€325K,€2K
F. Soyalp,22,Turkey,64,Bursaspor,€650K,€5K
F. Sucsuz,21,Turkey,61,FC Carl Zeiss Jena,€350K,€1K
F. Yiğit,22,Turkey,59,Evkur Yeni Malatyaspor,€220K,€2K
F. Zorba,19,Turkey,60,VfL Osnabrück,€400K,€1K
F. Çakır,22,Turkey,60,İstanbul Başakşehir FK,€240K,€2K
F. Öztorun,30,Turkey,67,Atiker Konyaspor,€550K,€10K
F. Öztürk,30,Turkey,68,Akhisar Belediyespor,€575K,€8K
F. Özçal,26,Turkey,68,Bursaspor,€1M,€11K
G. Aburjania,22,Georgia,71,Sevilla Atlético,€3.6M,€4K
G. Agbaljan,20,Armenia,62,Heracles Almelo,€475K,€2K
G. Al Shelali,23,Saudi Arabia,60,Al Ittihad,€250K,€4K
G. Andonian,22,Armenia,64,Dijon FCO,€675K,€6K
G. Chakvetadze,17,Georgia,64,KAA Gent,€900K,€3K
G. Chanturia,24,Georgia,70,FC Ural,€2.4M,€20K
G. Ghazaryan,29,Armenia,71,CS Marítimo,€2.3M,€8K
G. Grigalava,27,Georgia,70,Arsenal Tula,€1.7M,€18K
G. Güvenç,25,Turkey,67,Göztepe,€725K,€8K
G. Güzel,30,Turkey,65,Medicana Sivasspor,€500K,€4K
G. Harada,19,Japan,52,Yokohama F. Marinos,€90K,€1K
G. Haraguchi,26,Japan,75,Hertha BSC Berlin,€8M,€27K
G. Hayama,24,Japan,53,Albirex Niigata,€80K,€1K
G. Jobava,21,Georgia,58,AJ Auxerre,€190K,€1K
G. Karadeniz,37,Turkey,74,Rubin Kazan,€1.9M,€30K
G. Kashia,29,Georgia,76,Vitesse,€6M,€15K
G. Kastanos,19,Cyprus,66,SV Zulte-Waregem,€1.2M,€13K
G. Kawanami,26,Japan,52,Albirex Niigata,€50K,€1K
G. Kvilitaia,23,Georgia,70,SK Rapid Wien,€2.5M,€16K
G. Loria,31,Georgia,73,FC Anzhi Makhachkala,€2.4M,€17K
G. Makaridze,27,Georgia,73,Moreirense FC,€2.7M,€6K
G. Merebashvili,30,Georgia,63,Wisła Płock,€350K,€2K
G. Miura,22,Japan,67,Gamba Osaka,€1M,€6K
G. Navalovski,31,Georgia,64,FC SKA-Energiya Khabarovsk,€300K,€6K
G. Notsuda,23,Japan,64,Vegalta Sendai,€600K,€3K
G. Omae,27,Japan,65,Omiya Ardija,€575K,€2K
G. Papunashvili,21,Georgia,67,Real Zaragoza,€1.2M,€6K
G. Sakai,21,Japan,49,Albirex Niigata,€50K,€1K
G. Sakai,26,Japan,74,Hamburger SV,€5.5M,€29K
G. Shibasaki,25,Japan,75,Getafe CF,€7.5M,€20K
G. Shoji,24,Japan,73,Kashima Antlers,€4.7M,€11K
G. Singh,21,India,54,,€0,
G. Singh Sandhu,25,India,60,,€0,
G. Singh,21,India,54,,€0,€0.00
G. Singh Sandhu,25,India,60,,€0,€0.00
G. Vural,29,Turkey,72,Kayserispor,€3M,€12K
H. Abdulmajeed,23,Saudi Arabia,52,Ohod Club,€50K,€2K
H. Abe,18,Japan,64,Kashima Antlers,€950K,€3K
H. Abe,27,Japan,67,Kawasaki Frontale,€825K,€6K
H. Adıgüzel,17,Turkey,61,Akhisar Belediyespor,€500K,€2K
H. Akbunar,23,Turkey,63,Göztepe,€525K,€3K
H. Al Amiri,23,Saudi Arabia,63,Al Qadisiyah,€475K,€3K
H. Al Habib,22,Saudi Arabia,61,Ettifaq FC,€375K,€3K
H. Al Hazaa,25,Saudi Arabia,63,Ettifaq FC,€475K,€4K
H. Al Jasim,22,Saudi Arabia,53,Al Fateh,€80K,€3K
H. Al Jayzani,24,Saudi Arabia,61,Al Shabab,€300K,€5K
H. Al Juhayyim,29,Saudi Arabia,64,Al Fateh,€450K,€9K
H. Al Khulaif,21,Saudi Arabia,52,Al Fateh,€70K,€2K
H. Al Mansour,24,Saudi Arabia,51,Al Faisaly,€50K,€3K
H. Al Moqahwi,29,Saudi Arabia,71,Al Ahli,€2.3M,€27K
H. Al Nakhli,22,Saudi Arabia,53,Al Fateh,€90K,€3K
H. Al Radhi,23,Saudi Arabia,51,Al Fateh,€40K,€3K
H. Al Raheb,33,Saudi Arabia,68,Al Nassr,€575K,€23K
H. Al Shamrani,20,Saudi Arabia,60,Al Ahli,€350K,€4K
H. Al Shuwaysh,28,Saudi Arabia,61,Al Raed,€240K,€4K
H. Al Watyan,20,Saudi Arabia,56,Al Fateh,€130K,€2K
H. Algeed,19,Saudi Arabia,58,Al Shabab,€240K,€3K
H. Altıntop,34,Turkey,75,SV Darmstadt 98,€2M,€22K
H. Arslan,28,Turkey,65,Medicana Sivasspor,€450K,€4K
H. Artarslan,23,Turkey,64,Trabzonspor,€475K,€7K
H. Arıkan,34,Turkey,71,Osmanlıspor,€950K,€10K
H. Aslantaş,31,Turkey,67,Kardemir Karabükspor,€500K,€8K
H. Bahebri,24,Saudi Arabia,66,Al Shabab,€825K,€8K
H. Balta,34,Turkey,74,Galatasaray SK,€1.7M,€45K
H. Barış,23,Turkey,58,Göztepe,€150K,€2K
H. Bilal,19,Turkey,62,Kasimpaşa SK,€525K,€2K
H. Bilgiç,24,Turkey,60,Medicana Sivasspor,€230K,€2K
H. Demir,19,Turkey,63,Kasimpaşa SK,€475K,€2K
H. Dhaifallah,23,Saudi Arabia,54,Al Raed,€100K,€2K
H. El Helwe,22,Lebanon,62,Hallescher FC,€425K,€1K
H. Emiroğlu,20,Turkey,58,Alanyaspor,€250K,€2K
H. Fallatah,31,Saudi Arabia,70,Al Fayha,€1.2M,€14K
H. Fujiharu,28,Japan,65,Gamba Osaka,€425K,€4K
H. Fukushima,24,Japan,55,Urawa Red Diamonds,€90K,€1K
H. Futami,25,Japan,63,Shimizu S-Pulse,€325K,€1K
H. Goya,23,Japan,60,Gamba Osaka,€290K,€2K
H. Hatao,26,Japan,62,Ventforet Kofu,€325K,€1K
H. Hawsawi,20,Saudi Arabia,52,Al Fayha,€90K,€1K
H. Hosogai,31,Japan,67,Kashiwa Reysol,€525K,€7K
H. Ide,23,Japan,59,Gamba Osaka,€240K,€2K
H. Iikura,31,Japan,66,Yokohama F. Marinos,€400K,€2K
H. Ishikawa,18,Japan,55,Sagan Tosu,€120K,€1K
H. Jafry,25,Saudi Arabia,61,Al Fayha,€250K,€4K
H. Kaldırım,27,Turkey,75,Fenerbahçe SK,€5.5M,€51K
H. Kanazono,28,Japan,67,Hokkaido Consadole Sapporo,€800K,€4K
H. Kawabe,21,Japan,61,Júbilo Iwata,€350K,€1K
H. Kawano,27,Japan,66,Sagan Tosu,€675K,€2K
H. Kiyotake,27,Japan,76,Cerezo Osaka,€9M,€9K
H. Komoto,31,Japan,63,Omiya Ardija,€250K,€1K
H. Kyprianou,20,Cyprus,60,Southend United,€325K,€1K
H. Mae,21,Japan,49,Hokkaido Consadole Sapporo,€30K,€1K
H. Mahbub,24,Saudi Arabia,67,Al Hilal,€825K,€17K
H. Mahmoud,23,Saudi Arabia,63,Al Fayha,€450K,€3K
H. Mita,26,Japan,62,Vegalta Sendai,€350K,€1K
H. Mitsumaru,23,Japan,60,Sagan Tosu,€220K,€1K
H. Miyazawa,28,Japan,60,Hokkaido Consadole Sapporo,€210K,€1K
H. Mizumoto,31,Japan,66,Sanfrecce Hiroshima,€425K,€4K
H. Mkhitaryan,28,Armenia,85,Manchester United,€39M,€195K
H. Nakabayashi,31,Japan,56,Sanfrecce Hiroshima,€50K,€1K
H. Nakagawa,22,Japan,63,Kashiwa Reysol,€525K,€3K
H. Narzary,23,India,58,,€0,
H. Narzary,23,India,58,,€0,€0.00
H. Noda,19,Japan,55,Gamba Osaka,€170K,€1K
H. Oka,29,Japan,58,Ventforet Kofu,€100K,€1K
H. Okuno,27,Japan,68,Vegalta Sendai,€950K,€4K
H. Otani,32,Japan,66,Kashiwa Reysol,€375K,€4K
H. Pehlivan,23,Turkey,67,Gençlerbirliği SK,€825K,€9K
H. Sakai,27,Japan,75,Olympique de Marseille,€5.5M,€25K
H. Sanhaji,23,Qatar,63,KAS Eupen,€500K,€2K
H. Shaian,28,Saudi Arabia,65,Al Nassr,€375K,€8K
H. Sharahili,24,Saudi Arabia,51,Al Batin,€50K,€2K
H. Shiota,36,Japan,60,Omiya Ardija,€30K,€1K
H. Sogahata,37,Japan,70,Kashima Antlers,€120K,€5K
H. Takahashi,29,Japan,70,Vissel Kobe,€1.4M,€6K
H. Takimoto,20,Japan,55,Kashiwa Reysol,€160K,€1K
H. Tanaka,34,Japan,49,Vissel Kobe,€10K,€1K
H. Taniguchi,32,Japan,67,Sagan Tosu,€450K,€4K
H. Tekin,28,Turkey,75,Bursaspor,€5.5M,€15K
H. Watanabe,29,Japan,70,Vissel Kobe,€1.4M,€6K
H. Yamada,28,Japan,71,Júbilo Iwata,€2.4M,€6K
H. Yamaguchi,26,Japan,70,Cerezo Osaka,€1.8M,€5K
H. Yamamoto,37,Japan,59,Ventforet Kofu,€20K,€1K
H. Yılmaz,19,Turkey,57,Antalyaspor,€190K,€2K
H. Yılmaz,33,Turkey,66,Alanyaspor,€325K,€3K
H. Çalhanoğlu,23,Turkey,79,Milan,€16.5M,€92K
H. Çinemre,23,Turkey,67,Göztepe,€925K,€9K
H. Özkan,19,Turkey,60,KV Oostende,€325K,€1K
H. Özmert,32,Turkey,67,İstanbul Başakşehir FK,€450K,€13K
I. Al Maghrabi,25,Saudi Arabia,63,Al Taawoun,€450K,€4K
I. Al Shehri,21,Saudi Arabia,57,Al Ittihad,€170K,€4K
I. Al Shuayl,22,Saudi Arabia,52,Al Qadisiyah,€70K,€2K
I. Al Subaie,30,Saudi Arabia,53,Ohod Club,€40K,€2K
I. Al Zubaidi,27,Saudi Arabia,61,Al Taawoun,€230K,€4K
I. Depe,24,Turkey,66,Kardemir Karabükspor,€825K,€4K
I. Doğan,26,Turkey,68,Kardemir Karabükspor,€750K,€8K
I. Ghaleb,26,Saudi Arabia,72,Al Nassr,€3M,€24K
I. Güven,23,Turkey,58,Atiker Konyaspor,€170K,€2K
I. Homma,36,Japan,52,Albirex Niigata,€10K,€1K
I. Kahveci,21,Turkey,74,İstanbul Başakşehir FK,€8M,€19K
I. Konuk,29,Turkey,70,Bursaspor,€1.4M,€13K
I. Köybaşı,27,Turkey,73,Fenerbahçe SK,€3.3M,€51K
I. Oda,18,Japan,59,Kashima Antlers,€290K,€1K
I. Shekiladze,24,Georgia,63,La Spezia,€500K,€1K
I. Zaid,27,Saudi Arabia,60,Al Faisaly,€170K,€3K
I. Ünal,19,Turkey,53,Alanyaspor,€90K,€1K
I. İşçi,21,Turkey,63,Medicana Sivasspor,€450K,€2K
J. Al Bishi,30,Saudi Arabia,65,Al Taawoun,€400K,€6K
J. Al Dawsari,30,Saudi Arabia,62,Al Shabab,€230K,€6K
J. Al Dhafeeri,24,Saudi Arabia,58,Al Batin,€140K,€2K
J. Al Dossary,23,Saudi Arabia,54,Al Faisaly,€80K,€2K
J. Al Shammari,25,Saudi Arabia,58,Al Batin,€140K,€2K
J. Amano,25,Japan,66,Yokohama F. Marinos,€775K,€3K
J. Ananidze,24,Georgia,75,Spartak Moscow,€8.5M,€45K
J. Ba Jandouh,24,Saudi Arabia,70,Al Ittihad,€1.8M,€20K
J. Demetriou,29,Cyprus,67,Southend United,€575K,€7K
J. Fujimoto,33,Japan,64,Gamba Osaka,€270K,€4K
J. Higashi,19,Japan,51,Vissel Kobe,€70K,€1K
J. Inamoto,37,Japan,62,Hokkaido Consadole Sapporo,€40K,€1K
J. Ito,24,Japan,73,Kashiwa Reysol,€5M,€12K
J. Izumisawa,25,Japan,65,Gamba Osaka,€675K,€4K
J. Kamata,31,Japan,61,Kashiwa Reysol,€170K,€2K
J. Kanakubo,29,Japan,60,Vegalta Sendai,€200K,€1K
J. Kanayama,29,Japan,56,Hokkaido Consadole Sapporo,€60K,€1K
J. Karacan,28,Turkey,66,Bolton Wanderers,€650K,€11K
J. Kinjo,20,Japan,59,Fortuna Düsseldorf,€350K,€3K
J. Kusukami,29,Japan,65,Western Sydney Wanderers,€525K,€3K
J. Lalpekhlua,26,India,60,,€0,
J. Lalpekhlua,26,India,60,,€0,€0.00
J. Lipartia,29,Georgia,64,FC Anzhi Makhachkala,€450K,€7K
J. Meram,28,Iraq,74,Columbus Crew SC,€5.5M,€10K
J. Singh,25,India,59,,€0,
J. Singh,25,India,59,,€0,€0.00
J. Tabidze,21,Georgia,63,FC Ufa,€450K,€4K
J. Tanaka,29,Japan,68,Vissel Kobe,€900K,€6K
K. Akca,23,Turkey,57,Fortuna Düsseldorf,€140K,€3K
K. Al Anazi,32,Saudi Arabia,61,Al Batin,€200K,€3K
K. Al Ghamdi,29,Saudi Arabia,67,Al Nassr,€575K,€21K
K. Al Hamdhi,25,Saudi Arabia,52,Ettifaq FC,€60K,€2K
K. Al Kaabi,25,Saudi Arabia,63,Al Shabab,€450K,€6K
K. Al Mozaibri,26,Saudi Arabia,51,Al Batin,€30K,€1K
K. Al Muqaytib,25,Saudi Arabia,53,Al Raed,€60K,€2K
K. Al Muwallad,22,Saudi Arabia,57,Ohod Club,€130K,€3K
K. Al Samiri,20,Saudi Arabia,61,Al Ittihad,€400K,€5K
K. Al Zealaiy,30,Saudi Arabia,62,Al Raed,€290K,€4K
K. Altınay,25,Turkey,67,Osmanlıspor,€800K,€10K
K. Ansarifard,27,Iran,73,Olympiakos CFP,€4.7M,€1K
K. Ayhan,22,Turkey,71,Fortuna Düsseldorf,€3M,€15K
K. Baysal,21,Turkey,64,Getafe CF,€625K,€5K
K. Chiba,32,Japan,67,Sanfrecce Hiroshima,€450K,€7K
K. Chinen,22,Japan,56,Kawasaki Frontale,€130K,€1K
K. Endo,19,Japan,64,Yokohama F. Marinos,€775K,€2K
K. Engel,28,Kazakhstan,66,VfL Osnabrück,€500K,€1K
K. Frei,23,Turkey,73,İstanbul Başakşehir FK,€5.5M,€22K
K. Fujikawa,18,Japan,47,Júbilo Iwata,€60K,€1K
K. Fujimoto,31,Japan,62,Cerezo Osaka,€200K,€1K
K. Fujimura,23,Japan,57,Vegalta Sendai,€140K,€1K
K. Fukai,22,Japan,56,Hokkaido Consadole Sapporo,€110K,€1K
K. Günter,22,Turkey,71,Galatasaray SK,€2.8M,€28K
K. Hachisuka,26,Japan,62,Vegalta Sendai,€260K,€1K
K. Hashimoto,23,Japan,64,F.C. Tokyo,€600K,€3K
K. Higashi,26,Japan,66,F.C. Tokyo,€700K,€4K
K. Honda,31,Japan,78,Pachuca,€9M,€38K
K. Ichimi,19,Japan,56,Gamba Osaka,€200K,€1K
K. Ikeda,30,Japan,59,Sagan Tosu,€150K,€1K
K. Inada,32,Japan,60,Albirex Niigata,€120K,€1K
K. Ishihara,38,Japan,55,Ventforet Kofu,€30K,€1K
K. Ishii,31,Japan,52,Hokkaido Consadole Sapporo,€40K,€1K
K. Ishikawa,24,Japan,57,Vegalta Sendai,€100K,€1K
K. Itakura,20,Japan,60,Kawasaki Frontale,€290K,€1K
K. Kakoi,26,Japan,55,Cerezo Osaka,€70K,€1K
K. Kanatsızkuş,20,Turkey,70,Bursaspor,€3.9M,€12K
K. Kano,31,Japan,64,Kawasaki Frontale,€400K,€3K
K. Karaman,23,Turkey,72,Hannover 96,€4.1M,€23K
K. Kawamata,27,Japan,66,Júbilo Iwata,€750K,€2K
K. Kawata,29,Japan,64,Ventforet Kofu,€300K,€1K
K. Keleş,29,Turkey,68,Akhisar Belediyespor,€675K,€11K
K. Kikuchi,31,Japan,65,Omiya Ardija,€375K,€2K
K. Kinoshita,22,Japan,59,Halmstads BK,€220K,€1K
K. Kirihata,30,Japan,59,Kashiwa Reysol,€100K,€1K
K. Kitagawa,20,Japan,62,Shimizu S-Pulse,€425K,€1K
K. Kitamoto,35,Japan,59,Vissel Kobe,€40K,€1K
K. Koizumi,22,Japan,60,Albirex Niigata,€250K,€1K
K. Kubota,20,Japan,52,Kashima Antlers,€90K,€1K
K. Laifis,24,Cyprus,73,Standard de Liège,€4.5M,€13K
K. Machida,19,Japan,61,Kashima Antlers,€500K,€1K
K. Matsubara,20,Japan,64,Shimizu S-Pulse,€550K,€1K
K. Matsubara,24,Japan,64,Yokohama F. Marinos,€525K,€2K
K. Matsui,31,Japan,58,Omiya Ardija,€80K,€1K
K. Misao,21,Japan,67,Kashima Antlers,€1.1M,€6K
K. Miyoshi,20,Japan,65,Kawasaki Frontale,€975K,€2K
K. Mizuno,31,Japan,64,Sagan Tosu,€400K,€2K
K. Mizunuma,27,Japan,64,Cerezo Osaka,€475K,€4K
K. Mori,20,Japan,57,Ventforet Kofu,€230K,€1K
K. Morisaki,36,Japan,65,Sanfrecce Hiroshima,€70K,€3K
K. Moriya,28,Japan,67,Kawasaki Frontale,€775K,€6K
K. Mukuhara,27,Japan,63,Sanfrecce Hiroshima,€300K,€1K
K. Murata,28,Japan,65,Shimizu S-Pulse,€550K,€2K
K. Nagai,28,Japan,69,F.C. Tokyo,€1.1M,€8K
K. Nagasawa,25,Japan,66,Urawa Red Diamonds,€775K,€4K
K. Nagato,22,Japan,58,Vegalta Sendai,€190K,€1K
K. Nakamachi,31,Japan,67,Yokohama F. Marinos,€525K,€6K
K. Nakamura,22,Japan,69,Kashiwa Reysol,€1.2M,€5K
K. Nakamura,36,Japan,73,Kawasaki Frontale,€1.3M,€7K
K. Noborizato,26,Japan,68,Kawasaki Frontale,€1.1M,€6K
K. Ogawa,19,Japan,58,Júbilo Iwata,€280K,€1K
K. Ogawa,24,Japan,63,Vissel Kobe,€475K,€1K
K. Oi,33,Japan,65,Júbilo Iwata,€220K,€2K
K. Oiwa,27,Japan,64,Vegalta Sendai,€375K,€2K
K. Okanishi,26,Japan,56,Ventforet Kofu,€80K,€1K
K. Omori,25,Japan,65,Vissel Kobe,€650K,€2K
K. Ono,27,Japan,61,Albirex Niigata,€210K,€1K
K. Oshima,21,Japan,56,Kashiwa Reysol,€160K,€2K
K. Ota,29,Japan,68,F.C. Tokyo,€675K,€7K
K. Otani,28,Japan,65,Albirex Niigata,€425K,€2K
K. Oyama,22,Japan,54,Omiya Ardija,€100K,€1K
K. Pereira,29,India,59,,€0,
K. Pereira,29,India,59,,€0,€0.00
K. Rezaei,25,Iran,70,Sporting Charleroi,€2.3M,€12K
K. Saito,28,Japan,61,Júbilo Iwata,€260K,€2K
K. Seki,31,Japan,62,Vegalta Sendai,€180K,€1K
K. Sekiguchi,31,Japan,61,Cerezo Osaka,€220K,€1K
K. Shafiei,30,Iran,63,FC Seoul,€270K,€2K
K. Sharahili,29,Saudi Arabia,68,Al Faisaly,€600K,€12K
K. Shibasaki,32,Japan,70,Sanfrecce Hiroshima,€1.4M,€10K
K. Shiihashi,20,Japan,51,Vegalta Sendai,€40K,€1K
K. Shimizu,28,Japan,67,Shimizu S-Pulse,€775K,€8K
K. Shimura,21,Japan,62,Júbilo Iwata,€350K,€1K
K. Singh,31,India,54,,€0,
K. Singh,31,India,54,,€0,€0.00
K. Sugimoto,24,Japan,71,Cerezo Osaka,€3.1M,€5K
K. Sugiyama,32,Japan,59,Shimizu S-Pulse,€90K,€1K
K. Tagawa,18,Japan,59,Sagan Tosu,€250K,€1K
K. Takayama,20,Japan,53,Omiya Ardija,€90K,€1K
K. Taketomi,26,Japan,66,Kashiwa Reysol,€750K,€4K
K. Tanno,31,Japan,55,Cerezo Osaka,€50K,€1K
K. Tezuka,21,Japan,61,Kashiwa Reysol,€300K,€2K
K. Tokura,31,Japan,66,Hokkaido Consadole Sapporo,€575K,€2K
K. Tokushige,33,Japan,51,Vissel Kobe,€20K,€1K
K. Ueda,31,Japan,63,Júbilo Iwata,€250K,€1K
K. Wakasugi,21,Japan,55,Ventforet Kofu,€130K,€1K
K. Watanabe,30,Japan,69,Vissel Kobe,€1M,€5K
K. Yamakoshi,24,Japan,62,Omiya Ardija,€325K,€1K
K. Yamamoto,27,Japan,62,Júbilo Iwata,€300K,€1K
K. Yamamura,27,Japan,66,Cerezo Osaka,€750K,€2K
K. Yano,33,Japan,61,Albirex Niigata,€100K,€1K
K. Yaşar,22,Turkey,60,Kasimpaşa SK,€210K,€1K
K. Yonekura,29,Japan,66,Gamba Osaka,€475K,€4K
K. Yoshimaru,21,Japan,53,Vissel Kobe,€60K,€1K
K. Yoshimoto,29,Japan,65,F.C. Tokyo,€475K,€3K
K. Yoshio,19,Japan,53,Yokohama F. Marinos,€80K,€1K
K. Zengin,32,Turkey,68,Kardemir Karabükspor,€500K,€8K
K. Çörekçi,25,Turkey,69,Trabzonspor,€1.1M,€15K
L. Al Rashdi,22,Saudi Arabia,57,Ettifaq FC,€120K,€2K
L. Dvali,22,Georgia,67,Pogoń Szczecin,€1.1M,€4K
L. Hufnagel,23,Georgia,66,1. FC Nürnberg,€875K,€6K
L. Mchedlidze,27,Georgia,74,Empoli,€6.5M,€5K
L. Ralte,24,India,64,,€0,
L. Ralte,24,India,64,,€0,€0.00
L. Refaelov,31,Israel,75,Club Brugge KV,€6M,€24K
L. Zarandia,21,Georgia,60,Arka Gdynia,€325K,€1K
Luong Xuan Truong,22,Vietnam,61,Gangwon FC,€350K,€1K
M. Abu Radiyah,30,Saudi Arabia,66,Al Ahli,€625K,€11K
M. Abu Shararah,26,Saudi Arabia,61,Al Qadisiyah,€325K,€4K
M. Abusabaan,27,Saudi Arabia,63,Al Faisaly,€350K,€4K
M. Agaronyan,18,Armenia,56,FC SKA-Energiya Khabarovsk,€190K,€2K
M. Akbaş,27,Turkey,67,Trabzonspor,€650K,€16K
M. Akça,26,Turkey,64,Evkur Yeni Malatyaspor,€400K,€4K
M. Al Amri,25,Saudi Arabia,63,Al Raed,€400K,€4K
M. Al Anazi,27,Saudi Arabia,63,Al Batin,€300K,€2K
M. Al Baqawi,19,Saudi Arabia,49,Al Taawoun,€50K,€1K
M. Al Baqawi,21,Saudi Arabia,57,Al Fayha,€160K,€4K
M. Al Bassas,24,Saudi Arabia,70,Al Ahli,€2.3M,€23K
M. Al Bishi,29,Saudi Arabia,61,Al Fayha,€250K,€5K
M. Al Bishi,30,Saudi Arabia,65,Al Faisaly,€400K,€7K
M. Al Buraik,24,Saudi Arabia,70,Al Hilal,€2M,€20K
M. Al Enazi,33,Saudi Arabia,61,Al Batin,€100K,€3K
M. Al Fatil,25,Saudi Arabia,66,Al Ahli,€750K,€9K
M. Al Fehaid,27,Saudi Arabia,65,Al Fateh,€550K,€8K
M. Al Furayj,29,Saudi Arabia,64,Al Fayha,€300K,€5K
M. Al Haidari,21,Saudi Arabia,57,Al Hilal,€130K,€3K
M. Al Harbi,28,Saudi Arabia,64,Al Fateh,€400K,€8K
M. Al Harbi,29,Saudi Arabia,66,Al Ahli,€475K,€10K
M. Al Huthaifi,19,Saudi Arabia,56,Al Ittihad,€160K,€3K
M. Al Johani,22,Saudi Arabia,54,Ohod Club,€110K,€3K
M. Al Khaibari,20,Saudi Arabia,53,Ohod Club,€100K,€2K
M. Al Khaibari,25,Saudi Arabia,64,Ettifaq FC,€450K,€9K
M. Al Khodary,25,Saudi Arabia,59,Al Batin,€170K,€2K
M. Al Kuwaykibi,22,Saudi Arabia,64,Ettifaq FC,€675K,€4K
M. Al Majhad,18,Saudi Arabia,54,Al Fateh,€110K,€2K
M. Al Maqadi,28,Saudi Arabia,53,Ettifaq FC,€60K,€2K
M. Al Mufarrij,20,Saudi Arabia,54,Al Hilal,€90K,€3K
M. Al Mutairi,25,Saudi Arabia,52,Al Batin,€50K,€2K
M. Al Mutlaq,19,Saudi Arabia,56,Al Nassr,€170K,€3K
M. Al Najrani,23,Saudi Arabia,53,Al Qadisiyah,€80K,€2K
M. Al Najrani,24,Saudi Arabia,65,Al Hilal,€750K,€9K
M. Al Nakhli,22,Saudi Arabia,64,Al Ittihad,€575K,€8K
M. Al Olayan,22,Saudi Arabia,56,Al Taawoun,€110K,€3K
M. Al Otaibi,25,Saudi Arabia,61,Al Batin,€325K,€3K
M. Al Owais,25,Saudi Arabia,73,Al Ahli,€3.9M,€25K
M. Al Qarni,27,Saudi Arabia,63,Al Shabab,€350K,€6K
M. Al Rashdi,26,Saudi Arabia,60,Al Raed,€220K,€3K
M. Al Saeed,20,Saudi Arabia,50,Al Fateh,€50K,€3K
M. Al Sahlawi,30,Saudi Arabia,73,Al Nassr,€3.9M,€39K
M. Al Saiari,24,Saudi Arabia,61,Ettifaq FC,€325K,€3K
M. Al Shahrani,21,Saudi Arabia,57,Al Nassr,€150K,€4K
M. Al Shalhoub,36,Saudi Arabia,70,Al Hilal,€600K,€19K
M. Al Thmali,25,Saudi Arabia,64,Al Shabab,€575K,€9K
M. Al Wakid,25,Saudi Arabia,60,Al Hilal,€200K,€4K
M. Al Zubaidi,19,Saudi Arabia,52,Ettifaq FC,€70K,€1K
M. Altıntaş,21,Turkey,65,Evkur Yeni Malatyaspor,€850K,€8K
M. Asiri,24,Saudi Arabia,56,Al Qadisiyah,€80K,€2K
M. Asiri,25,Saudi Arabia,55,Ohod Club,€100K,€3K
M. Attiyah,25,Saudi Arabia,55,Ohod Club,€120K,€3K
M. Batdal,31,Turkey,70,İstanbul Başakşehir FK,€1.6M,€19K
M. Bayır,28,Turkey,65,Osmanlıspor,€425K,€5K
M. Dabbur,25,Israel,76,FC Red Bull Salzburg,€10M,€38K
M. Demir,19,Turkey,60,Hannover 96,€400K,€3K
M. Demir,25,Turkey,74,Medicana Sivasspor,€7M,€16K
M. Durmuş,20,Turkey,64,Göztepe,€800K,€4K
M. Duruer,29,Turkey,68,Gençlerbirliği SK,€875K,€12K
M. Ekici,27,Turkey,77,Fenerbahçe SK,€9.5M,€66K
M. Erdinç,30,Turkey,74,İstanbul Başakşehir FK,€5.5M,€27K
M. Fallatah,29,Saudi Arabia,70,Al Hilal,€1.8M,€29K
M. Fitzgerald,28,Japan,65,Kawasaki Frontale,€450K,€3K
M. Fujita,31,Japan,64,Sagan Tosu,€300K,€2K
M. Guevgeozián,31,Armenia,66,Newell's Old Boys,€575K,€4K
M. Günok,28,Turkey,71,İstanbul Başakşehir FK,€1.9M,€14K
M. Güven,29,Turkey,72,Osmanlıspor,€2.4M,€13K
M. Hamzi,25,Saudi Arabia,61,Al Faisaly,€300K,€5K
M. Harzan,28,Saudi Arabia,57,Ohod Club,€100K,€3K
M. Hasebe,33,Japan,77,Eintracht Frankfurt,€3.6M,€29K
M. Havenaar,30,Japan,70,Vissel Kobe,€1.7M,€6K
M. Hawsawi,25,Saudi Arabia,74,Al Ahli,€6.5M,€32K
M. Hazazi,29,Saudi Arabia,62,Al Fateh,€230K,€5K
M. Higashiguchi,31,Japan,72,Gamba Osaka,€1.9M,€7K
M. Inoha,31,Japan,67,Vissel Kobe,€525K,€4K
M. Işık,20,Turkey,60,Medicana Sivasspor,€300K,€2K
M. Jahfali,26,Saudi Arabia,72,Al Hilal,€3.2M,€24K
M. Kakuda,33,Japan,63,Shimizu S-Pulse,€150K,€1K
M. Kanabah,24,Saudi Arabia,55,Al Batin,€120K,€2K
M. Kanazaki,28,Japan,73,Kashima Antlers,€4.1M,€15K
M. Kanno,22,Saudi Arabia,67,Al Hilal,€1.2M,€19K
M. Karaahmet,17,Turkey,55,Karlsruher SC,€180K,€1K
M. Kato,26,Japan,61,Albirex Niigata,€270K,€1K
M. Kazankov,30,Turkmenistan,63,FC SKA-Energiya Khabarovsk,€350K,€4K
M. Khubrani,23,Saudi Arabia,61,Al Qadisiyah,€270K,€3K
M. Kojima,19,Japan,53,Vegalta Sendai,€90K,€1K
M. Kouhyar,19,Afghanistan,60,Walsall,€450K,€1K
M. Kudo,27,Japan,67,Sanfrecce Hiroshima,€900K,€9K
M. Kula,22,Turkey,58,Kasimpaşa SK,€150K,€2K
M. Kurogi,27,Japan,60,Ventforet Kofu,€230K,€1K
M. Majrashi,26,Saudi Arabia,58,Al Faisaly,€140K,€4K
M. Malaeka,31,Saudi Arabia,61,Al Faisaly,€150K,€4K
M. Matsuhashi,32,Japan,62,Ventforet Kofu,€170K,€1K
M. Matsumoto,22,Japan,53,Júbilo Iwata,€90K,€1K
M. Mihara,28,Japan,64,Vissel Kobe,€450K,€2K
M. Mohammadi,23,Iran,73,Terek Grozny,€4.7M,€25K
M. Morishige,30,Japan,73,F.C. Tokyo,€3M,€11K
M. Musaka,26,Japan,66,Shimizu S-Pulse,€675K,€2K
M. Naji,23,Saudi Arabia,54,Ohod Club,€90K,€2K
M. Najjar,22,Saudi Arabia,57,Al Qadisiyah,€170K,€2K
M. Nishimoto,21,Japan,54,Cerezo Osaka,€110K,€1K
M. Nizam,26,Turkey,67,Antalyaspor,€750K,€10K
M. Ogasawara,38,Japan,70,Kashima Antlers,€240K,€6K
M. Okino,20,Japan,56,Cerezo Osaka,€200K,€1K
M. Okugawa,21,Japan,61,SV Mattersburg,€475K,€4K
M. Pektemek,28,Turkey,72,Beşiktaş JK,€3.2M,€35K
M. Rafique,24,India,55,,€0,
M. Rafique,24,India,55,,€0,€0.00
M. Saito,27,Japan,72,Yokohama F. Marinos,€3.3M,€8K
M. Sakamoto,21,Japan,54,Cerezo Osaka,€120K,€1K
M. Salem,31,Saudi Arabia,60,Al Shabab,€140K,€4K
M. Sevimler,18,Turkey,58,Alanyaspor,€260K,€1K
M. Sharahili,25,Saudi Arabia,62,Al Nassr,€260K,€5K
M. Taş,26,Turkey,66,Gençlerbirliği SK,€700K,€5K
M. Tekdemir,29,Turkey,73,İstanbul Başakşehir FK,€3.1M,€24K
M. Tombakti,23,Saudi Arabia,63,Al Fayha,€450K,€3K
M. Topal,31,Turkey,80,Fenerbahçe SK,€10M,€73K
M. Tsintsadze,22,Georgia,60,Pogoń Szczecin,€290K,€1K
M. Vatsadze,28,Georgia,63,Silkeborg IF,€375K,€3K
M. Yamada,22,Japan,56,F.C. Tokyo,€110K,€1K
M. Yandaş,22,Turkey,57,Medicana Sivasspor,€150K,€2K
M. Yoshida,28,Japan,75,Southampton,€5.5M,€63K
M. Yumlu,29,Turkey,70,Akhisar Belediyespor,€1.4M,€13K
M. Yüce,32,Turkey,71,Bursaspor,€1.4M,€12K
M. Yıldırım,26,Turkey,70,Kayserispor,€1.5M,€8K
M. Yıldırım,30,Turkey,63,Evkur Yeni Malatyaspor,€350K,€3K
M. Yıldız,21,Turkey,52,Medicana Sivasspor,€60K,€1K
M. Çağıran,24,Turkey,74,Osmanlıspor,€6.5M,€15K
M. Çelik,27,Turkey,66,Akhisar Belediyespor,€675K,€5K
M. İnan,17,Turkey,56,Antalyaspor,€180K,€2K
M. Şengezer,20,Turkey,63,Bursaspor,€500K,€2K
Marcos Pizzelli,32,Armenia,71,Al Shabab,€1.8M,€23K
N. Al Abed,27,Saudi Arabia,76,Al Hilal,€8M,€43K
N. Al Anazi,28,Saudi Arabia,53,Al Batin,€50K,€1K
N. Al Dhafeeri,35,Saudi Arabia,60,Al Batin,€50K,€1K
N. Al Mousa,26,Saudi Arabia,59,Al Fateh,€160K,€4K
N. Al Mutairi,29,Saudi Arabia,55,Al Batin,€90K,€2K
N. Al Muwallad,24,Saudi Arabia,59,Al Faisaly,€180K,€3K
N. Al Shamrani,33,Saudi Arabia,70,Al Shabab,€1.1M,€25K
N. Al Shenashini,21,Saudi Arabia,57,Al Nassr,€180K,€4K
N. Al Subhi,27,Saudi Arabia,63,Al Qadisiyah,€300K,€3K
N. Bellikli,18,Turkey,52,AFC Wimbledon,€80K,€1K
N. Bitton,25,Israel,70,Celtic,€1.8M,€30K
N. Das,23,India,57,,€0,
N. Das,23,India,57,,€0,€0.00
N. Etheridge,27,Philippines,68,Cardiff City,€725K,€13K
N. Fujita,30,Japan,62,Vissel Kobe,€280K,€2K
N. Hatta,31,Japan,53,Júbilo Iwata,€40K,€1K
N. Hazazi,28,Saudi Arabia,69,Al Taawoun,€1.1M,€15K
N. Hazzazi,24,Saudi Arabia,63,Al Qadisiyah,€425K,€3K
N. Husin,20,Afghanistan,50,Crystal Palace,€60K,€4K
N. Ishihara,32,Japan,62,Vegalta Sendai,€240K,€1K
N. Ishikawa,31,Japan,64,Hokkaido Consadole Sapporo,€300K,€2K
N. Ishikawa,36,Japan,55,F.C. Tokyo,€30K,€1K
N. Iwadate,28,Japan,62,Urawa Red Diamonds,€210K,€2K
N. Kacharava,23,Georgia,63,Korona Kielce,€525K,€6K
N. Kato,32,Japan,64,Omiya Ardija,€260K,€1K
N. Kawaguchi,23,Japan,54,Albirex Niigata,€80K,€1K
N. Kikuchi,32,Japan,61,Hokkaido Consadole Sapporo,€140K,€1K
N. Maeda,22,Japan,55,Yokohama F. Marinos,€120K,€1K
N. Mohammed,30,Saudi Arabia,64,Al Taawoun,€325K,€6K
N. Sakai,24,Japan,57,Albirex Niigata,€110K,€1K
N. Sakemoto,32,Japan,65,Cerezo Osaka,€300K,€2K
N. Sakurauchi,27,Japan,62,Júbilo Iwata,€250K,€1K
N. Senoo,20,Japan,52,Gamba Osaka,€90K,€1K
N. Sugai,32,Japan,62,Vegalta Sendai,€240K,€1K
N. Ueda,22,Japan,70,Kashima Antlers,€2.3M,€8K
N. Uysal,26,Turkey,73,Beşiktaş JK,€4M,€40K
N. Wako,27,Japan,68,Kashiwa Reysol,€825K,€7K
N. Çiftçi,25,Turkey,67,Plymouth Argyle,€925K,€30K
N. Çürüksu,32,Turkey,72,Osmanlıspor,€1.8M,€12K
N. Şahin,27,Turkey,68,Gençlerbirliği SK,€725K,€8K
N. Şahin,28,Turkey,79,Borussia Dortmund,€10M,€63K
O. Abdulaziz,33,Saudi Arabia,64,Al Faisaly,€180K,€7K
O. Adın,31,Turkey,70,Akhisar Belediyespor,€1.6M,€13K
O. Al Khalaf,20,Saudi Arabia,57,Ettifaq FC,€180K,€2K
O. Al Saleem,20,Saudi Arabia,53,Ettifaq FC,€100K,€1K
O. Al Suhaymi,24,Saudi Arabia,50,Al Faisaly,€30K,€2K
O. Al Sunain,22,Saudi Arabia,58,Ettifaq FC,€180K,€2K
O. Altman,23,Israel,69,Panathinaikos FC,€1.4M,€1K
O. Ashoor,28,Saudi Arabia,54,Ohod Club,€50K,€3K
O. Atasayar,22,Turkey,64,Bursaspor,€625K,€4K
O. Ayık,27,Turkey,63,Akhisar Belediyespor,€375K,€4K
O. Ayın,20,Turkey,59,Medicana Sivasspor,€250K,€2K
O. Bala,19,Turkey,59,İstanbul Başakşehir FK,€325K,€2K
O. Bayram,25,Turkey,69,Akhisar Belediyespor,€1.1M,€10K
O. Bugiel,23,Lebanon,55,Forest Green,€130K,€2K
O. Güçtekin,18,Turkey,57,Fenerbahçe SK,€190K,€4K
O. Hawsawi,24,Saudi Arabia,58,Ohod Club,€130K,€2K
O. Hawsawi,33,Saudi Arabia,75,Al Hilal,€2.7M,€33K
O. Hurmacı,30,Turkey,72,Osmanlıspor,€2.9M,€13K
O. Iyoha,19,Japan,56,Sanfrecce Hiroshima,€180K,€1K
O. Kakabadze,22,Georgia,67,Gimnàstic de Tarragona,€950K,€5K
O. Kolak,20,Turkey,57,Antalyaspor,€160K,€2K
O. Kurt,22,Turkey,62,SC Fortuna Köln,€400K,€1K
O. Kıvrak,29,Turkey,77,Trabzonspor,€6M,€28K
O. Marciano,27,Israel,65,Hibernian,€450K,€2K
O. Muzayil,24,Saudi Arabia,62,Al Ittihad,€300K,€5K
O. Othman,31,Saudi Arabia,74,Al Nassr,€3.8M,€33K
O. Saraçoğlu,19,Turkey,60,İstanbul Başakşehir FK,€450K,€2K
O. Taşdelen,30,Turkey,63,Akhisar Belediyespor,€270K,€3K
O. Toprak,27,Turkey,83,Borussia Dortmund,€24.5M,€66K
O. Tufan,22,Turkey,76,Fenerbahçe SK,€8.5M,€52K
O. Ural,20,Turkey,60,Kasimpaşa SK,€290K,€2K
O. Yokuşlu,23,Turkey,75,Trabzonspor,€7.5M,€23K
O. Çelik,25,Turkey,64,Kardemir Karabükspor,€450K,€5K
O. Çınar,21,Turkey,72,Beşiktaş JK,€4.4M,€24K
O. Ökke,21,Turkey,60,Evkur Yeni Malatyaspor,€325K,€2K
O. Özdemir,22,Turkey,66,SG Sonnenhof Großaspach,€750K,€1K
O. Özenç,24,Turkey,64,Antalyaspor,€425K,€3K
O. Özyakup,24,Turkey,80,Beşiktaş JK,€19.5M,€54K
O. Şahan,30,Turkey,74,Trabzonspor,€5.5M,€30K
O. Şahiner,25,Turkey,75,Atiker Konyaspor,€8.5M,€18K
O. Şam,31,Turkey,67,Gençlerbirliği SK,€500K,€10K
O. Şişmanoğlu,27,Turkey,72,Göztepe,€3.3M,€14K
P. Kotal,23,India,60,,€0,
P. Kotal,23,India,60,,€0,€0.00
P. Sadeghian,25,Iran,68,Osmanlıspor,€1.1M,€11K
P. Sotiriou,24,Cyprus,68,FC København,€1.2M,€12K
R. Al Hafizi,21,Saudi Arabia,59,Ohod Club,€220K,€2K
R. Al Mousa,22,Saudi Arabia,55,Al Taawoun,€130K,€5K
R. Al Shammari,20,Saudi Arabia,60,Al Shabab,€350K,€4K
R. Arai,26,Japan,63,Ventforet Kofu,€375K,€1K
R. Bando,37,Japan,59,Omiya Ardija,€60K,€1K
R. Borges,25,India,58,,€0,
R. Borges,25,India,58,,€0,€0.00
R. Dadashov,18,Azerbaijan,59,Eintracht Frankfurt,€325K,€3K
R. Doan,19,Japan,68,FC Groningen,€1.6M,€5K
R. Gavtadze,21,Georgia,61,FC Ural,€400K,€5K
R. Ghoochannejhad,29,Iran,72,SC Heerenveen,€3.1M,€9K
R. Harakawa,23,Japan,66,Sagan Tosu,€850K,€2K
R. Hatsuse,19,Japan,61,Gamba Osaka,€375K,€1K
R. Hayasaka,31,Japan,65,Hokkaido Consadole Sapporo,€475K,€2K
R. Hironaga,27,Japan,59,Sanfrecce Hiroshima,€120K,€1K
R. Isomura,26,Japan,54,Albirex Niigata,€70K,€1K
R. Kawai,38,Japan,52,Hokkaido Consadole Sapporo,€10K,€1K
R. Koike,21,Japan,62,Kashiwa Reysol,€350K,€2K
R. Koryan,29,Armenia,64,FC SKA-Energiya Khabarovsk,€450K,€7K
R. Kurisawa,34,Japan,60,Kashiwa Reysol,€60K,€2K
R. Köse,29,Turkey,67,Kasimpaşa SK,€525K,€7K
R. Maeda,35,Japan,67,F.C. Tokyo,€350K,€6K
R. Matsuda,25,Japan,62,Cerezo Osaka,€300K,€1K
R. Meshino,19,Japan,51,Gamba Osaka,€70K,€1K
R. Miura,25,Japan,53,Júbilo Iwata,€50K,€1K
R. Miyaichi,24,Japan,67,FC St. Pauli,€1M,€10K
R. Morioka,26,Japan,68,Waasland-Beveren,€1.1M,€8K
R. Moriwaki,31,Japan,67,Urawa Red Diamonds,€525K,€7K
R. Nagaki,29,Japan,67,Kashima Antlers,€600K,€8K
R. Ogawa,20,Japan,65,F.C. Tokyo,€800K,€2K
R. Okui,27,Japan,58,Omiya Ardija,€100K,€1K
R. Oshima,24,Japan,69,Kawasaki Frontale,€1.2M,€5K
R. Rezaeian,27,Iran,70,KV Oostende,€1.6M,€11K
R. Sawakami,23,Japan,59,Cerezo Osaka,€220K,€1K
R. Sharahili,24,Saudi Arabia,60,Al Fateh,€240K,€3K
R. Shekari,19,Iran,62,Rubin Kazan,€650K,€4K
R. Shindo,21,Japan,65,Hokkaido Consadole Sapporo,€650K,€1K
R. Shinzato,26,Japan,62,Ventforet Kofu,€300K,€1K
R. Shirasaki,24,Japan,67,Shimizu S-Pulse,€950K,€3K
R. Singh,27,India,61,,€0,
R. Singh,27,India,61,,€0,€0.00
R. Sufyani,30,Saudi Arabia,66,Al Ittihad,€600K,€10K
R. Suzuki,23,Japan,57,Gamba Osaka,€100K,€1K
R. Takano,22,Japan,56,Ventforet Kofu,€90K,€1K
R. Takeuchi,26,Japan,64,Shimizu S-Pulse,€475K,€2K
R. Uehara,20,Japan,55,Júbilo Iwata,€190K,€1K
R. Watanabe,20,Japan,56,FC Ingolstadt 04,€200K,€3K
R. Yamada,19,Japan,51,Omiya Ardija,€70K,€1K
R. Yamanaka,24,Japan,63,Yokohama F. Marinos,€425K,€2K
R. Yamazaki,28,Japan,64,Albirex Niigata,€475K,€2K
R. Çağıran,22,Turkey,61,Evkur Yeni Malatyaspor,€325K,€2K
R. Öktem,20,Turkey,57,Alanyaspor,€180K,€2K
R. Şimşek,26,Turkey,66,Medicana Sivasspor,€625K,€4K
S. Abdullah,28,Saudi Arabia,60,Ohod Club,€160K,€3K
S. Abe,33,Japan,63,Ventforet Kofu,€140K,€1K
S. Adamyan,24,Armenia,63,SSV Jahn Regensburg,€500K,€2K
S. Akasaki,25,Japan,65,Gamba Osaka,€700K,€4K
S. Al Amrani,23,Saudi Arabia,50,Al Raed,€40K,€2K
S. Al Beshi,27,Saudi Arabia,63,Al Faisaly,€300K,€4K
S. Al Dawsari,25,Saudi Arabia,72,Al Hilal,€3.4M,€25K
S. Al Dosari,25,Saudi Arabia,60,Al Taawoun,€250K,€3K
S. Al Duayyi,24,Saudi Arabia,67,Al Faisaly,€900K,€12K
S. Al Faraj,27,Saudi Arabia,74,Al Hilal,€6M,€36K
S. Al Ghamdi,25,Saudi Arabia,57,Al Taawoun,€100K,€2K
S. Al Jaman,23,Saudi Arabia,64,Al Ahli,€725K,€9K
S. Al Khaibari,27,Saudi Arabia,62,Al Fayha,€260K,€4K
S. Al Khayri,22,Saudi Arabia,52,Ettifaq FC,€70K,€2K
S. Al Masrahi,30,Saudi Arabia,62,Al Batin,€230K,€3K
S. Al Mutairi,27,Saudi Arabia,64,Al Batin,€375K,€4K
S. Al Mutairi,29,Saudi Arabia,59,Al Batin,€160K,€2K
S. Al Muwallad,26,Saudi Arabia,66,Al Ahli,€625K,€10K
S. Al Nabit,21,Saudi Arabia,54,Ohod Club,€100K,€2K
S. Al Najai,20,Saudi Arabia,62,Al Nassr,€650K,€5K
S. Al Qumayzi,25,Saudi Arabia,64,Al Shabab,€475K,€8K
S. Al Saleh,25,Saudi Arabia,54,Al Qadisiyah,€60K,€1K
S. Al Sawadi,24,Saudi Arabia,66,Al Raed,€875K,€6K
S. Al Shammari,27,Saudi Arabia,58,Ohod Club,€100K,€3K
S. Al Sharif,25,Saudi Arabia,62,Al Raed,€350K,€4K
S. Al Shehri,23,Saudi Arabia,62,Al Raed,€475K,€4K
S. Al Yami,23,Saudi Arabia,64,Al Faisaly,€550K,€8K
S. Al Zubaidi,24,Saudi Arabia,63,Al Ahli,€425K,€5K
S. Ando,26,Japan,61,Kawasaki Frontale,€210K,€1K
S. Arai,28,Japan,65,Kawasaki Frontale,€375K,€2K
S. Ay,25,Turkey,70,Atiker Konyaspor,€1.9M,€12K
S. Aydoğdu,26,Turkey,70,Akhisar Belediyespor,€2.1M,€13K
S. Aygüneş,26,Turkey,64,SV Sandhausen,€550K,€3K
S. Aytaç,25,Turkey,70,Antalyaspor,€1.9M,€12K
S. Aziz,26,Turkey,74,Galatasaray SK,€6M,€45K
S. Azmoun,22,Iran,77,Rubin Kazan,€13.5M,€46K
S. Bakış,23,Turkey,66,Bursaspor,€925K,€5K
S. Beitashour,30,Iran,69,Toronto FC,€750K,€5K
S. Bolat,28,Turkey,69,Royal Antwerp FC,€750K,€7K
S. Chhetri,32,India,67,,€0,
S. Chhetri,32,India,67,,€0,€0.00
S. Deliktaş,30,Turkey,65,Kardemir Karabükspor,€525K,€5K
S. Doi,25,Japan,70,Kashima Antlers,€2.2M,€9K
S. Dursun,25,Turkey,70,Antalyaspor,€1.8M,€12K
S. Ezatolahi,20,Iran,66,Amkar Perm,€1.2M,€7K
S. Fujitani,19,Japan,54,Vissel Kobe,€100K,€1K
S. Ghoddos,23,Iran,71,Östersunds FK,€3.2M,€4K
S. Gonda,28,Japan,68,Sagan Tosu,€625K,€3K
S. Gümüş,23,Turkey,73,Galatasaray SK,€5.5M,€43K
S. Gürler,25,Turkey,75,Osmanlıspor,€8M,€18K
S. Hawsawi,25,Saudi Arabia,55,Al Taawoun,€100K,€3K
S. Hirao,21,Japan,53,Gamba Osaka,€100K,€1K
S. Hirayama,32,Japan,59,Vegalta Sendai,€120K,€1K
S. Hyodo,31,Japan,61,Hokkaido Consadole Sapporo,€220K,€1K
S. Inagaki,25,Japan,64,Sanfrecce Hiroshima,€575K,€4K
S. Ito,28,Japan,60,Yokohama F. Marinos,€210K,€2K
S. Jhingan,23,India,61,,€0,
S. Jhingan,23,India,61,,€0,€0.00
S. Kagawa,28,Japan,83,Borussia Dortmund,€26M,€75K
S. Kamata,28,Japan,64,Shimizu S-Pulse,€350K,€2K
S. Kanazawa,33,Japan,55,Omiya Ardija,€40K,€1K
S. Kaneko,22,Japan,64,Shimizu S-Pulse,€600K,€2K
S. Karakoç,20,Turkey,61,Fenerbahçe SK,€550K,€8K
S. Kariri,36,Saudi Arabia,67,Al Shabab,€100K,€13K
S. Kawamata,27,Japan,56,Kashima Antlers,€60K,€1K
S. Kaya,26,Turkey,73,Sparta Praha,€4.2M,€1K
S. Kobayashi,23,Japan,61,Vissel Kobe,€325K,€1K
S. Kobayashi,26,Japan,63,Vegalta Sendai,€400K,€1K
S. Koroki,30,Japan,72,Urawa Red Diamonds,€3M,€11K
S. Kumagai,20,Japan,57,Ventforet Kofu,€180K,€1K
S. Kurata,28,Japan,69,Gamba Osaka,€950K,€8K
S. Kurtuluş,29,Turkey,71,Bursaspor,€1.8M,€13K
S. Kurumaya,25,Japan,69,Kawasaki Frontale,€1.1M,€5K
S. Kverkvelia,25,Georgia,73,Lokomotiv Moscow,€4.3M,€33K
S. Kırıntılı,32,Turkey,74,Atiker Konyaspor,€3.2M,€14K
S. Lobjanidze,22,Georgia,61,Randers FC,€350K,€3K
S. Luaibi,25,Iraq,68,Al Shabab,€950K,€17K
S. Mandash,22,Saudi Arabia,58,Al Faisaly,€200K,€3K
S. Mitsuzaki,19,Japan,51,Shimizu S-Pulse,€70K,€1K
S. Morishita,31,Japan,64,Júbilo Iwata,€300K,€2K
S. Motegi,20,Japan,61,Vegalta Sendai,€400K,€1K
S. Mukhammad,27,Afghanistan,59,AFC Eskilstuna,€180K,€1K
S. Muroya,23,Japan,62,F.C. Tokyo,€375K,€2K
S. Mutlu,20,Turkey,60,Medicana Sivasspor,€290K,€2K
S. Muwashar,28,Saudi Arabia,73,Al Ahli,€4M,€38K
S. Nagasawa,28,Japan,67,Gamba Osaka,€800K,€9K
S. Nakahara,23,Japan,63,Gamba Osaka,€500K,€1K
S. Nakajima,22,Japan,68,Portimonense SC,€1.4M,€7K
S. Nakamura,39,Japan,71,Júbilo Iwata,€650K,€4K
S. Nakatani,21,Japan,70,Kashiwa Reysol,€2.2M,€7K
S. Naruoka,33,Japan,55,Albirex Niigata,€50K,€1K
S. Nishikawa,31,Japan,70,Urawa Red Diamonds,€1.1M,€7K
S. Obu,24,Japan,64,Albirex Niigata,€525K,€2K
S. Ogura,31,Japan,62,Ventforet Kofu,€200K,€1K
S. Okazaki,31,Japan,77,Leicester City,€8M,€74K
S. Ono,37,Japan,60,Hokkaido Consadole Sapporo,€70K,€1K
S. Otayf,26,Saudi Arabia,58,Al Raed,€150K,€3K
S. Otsuka,27,Japan,64,Kawasaki Frontale,€475K,€3K
S. Otsuki,28,Japan,61,Vissel Kobe,€260K,€2K
S. Palla,28,Philippines,63,Wolfsberger AC,€290K,€3K
S. Passi,22,India,52,,€0,
S. Paul,30,India,64,,€0,
S. Passi,22,India,52,,€0,€0.00
S. Paul,30,India,64,,€0,€0.00
S. Polat,20,Turkey,62,Atiker Konyaspor,€525K,€3K
S. Saad,24,Lebanon,66,Sporting Kansas City,€825K,€3K
S. Sararer,27,Turkey,67,SpVgg Greuther Fürth,€800K,€8K
S. Sarıoğlu,32,Turkey,70,Göztepe,€975K,€12K
S. Sasaki,27,Japan,58,Sanfrecce Hiroshima,€110K,€2K
S. Sharahili,27,Saudi Arabia,69,Al Nassr,€875K,€20K
S. Shimizu,24,Japan,59,Omiya Ardija,€210K,€1K
S. Shrahilee,31,Saudi Arabia,64,Al Shabab,€300K,€9K
S. Singh,25,India,55,,€0,
S. Singh,25,India,55,,€0,€0.00
S. Takahashi,21,Japan,57,Sanfrecce Hiroshima,€140K,€1K
S. Takahashi,25,Japan,56,Júbilo Iwata,€100K,€1K
S. Takahashi,27,Japan,67,Vissel Kobe,€625K,€4K
S. Tanabe,27,Japan,57,F.C. Tokyo,€90K,€2K
S. Taniguchi,25,Japan,67,Kawasaki Frontale,€825K,€5K
S. Tekerci,23,Turkey,65,FSV Zwickau,€750K,€1K
S. Tomisawa,34,Japan,58,Albirex Niigata,€40K,€1K
S. Tomita,31,Japan,68,Vegalta Sendai,€600K,€4K
S. Tsuji,19,Japan,51,Sagan Tosu,€70K,€1K
S. Uehara,30,Japan,49,Hokkaido Consadole Sapporo,€20K,€1K
S. Uçan,23,Turkey,74,FC Sion,€8M,€48K
S. Yajima,23,Japan,63,Urawa Red Diamonds,€475K,€2K
S. Yamaguchi,21,Japan,50,Vissel Kobe,€40K,€1K
S. Yamamoto,32,Japan,66,Kashima Antlers,€350K,€4K
S. Yokotani,30,Japan,61,Omiya Ardija,€230K,€1K
S. Yomesaka,20,Japan,50,Gamba Osaka,€60K,€1K
S. Yıldırım,27,Turkey,71,Bursaspor,€2.5M,€13K
S. Çiftpınar,24,Turkey,62,Evkur Yeni Malatyaspor,€325K,€2K
S. Çinaz,31,Turkey,70,Kayserispor,€1.2M,€10K
S. Özbayraklı,27,Turkey,75,Fenerbahçe SK,€6M,€51K
S. Özkan,30,Turkey,67,Gençlerbirliği SK,€725K,€11K
S. İnan,32,Turkey,76,Galatasaray SK,€6M,€59K
S. Şahin,36,Turkey,72,Göztepe,€425K,€9K
T. Abdullah,21,Saudi Arabia,56,Al Ittihad,€140K,€4K
T. Abe,29,Japan,64,Ulsan Hyundai Horang-i,€450K,€3K
T. Acar,31,Turkey,65,Medicana Sivasspor,€325K,€3K
T. Akahoshi,33,Japan,57,Sagan Tosu,€50K,€1K
T. Al Absi,24,Saudi Arabia,65,Al Taawoun,€625K,€5K
T. Al Jassam,32,Saudi Arabia,74,Al Ahli,€3.2M,€33K
T. Al Khudair,29,Saudi Arabia,56,Al Ittihad,€90K,€5K
T. Al Shamali,27,Saudi Arabia,59,Al Raed,€160K,€3K
T. Aoki,27,Japan,65,Urawa Red Diamonds,€450K,€4K
T. Aoki,34,Japan,64,Sagan Tosu,€140K,€2K
T. Aoyama,31,Japan,70,Sanfrecce Hiroshima,€1.5M,€10K
T. Arano,24,Japan,61,Hokkaido Consadole Sapporo,€325K,€1K
T. Arslan,26,Turkey,77,Beşiktaş JK,€9.5M,€52K
T. Asano,22,Japan,71,VfB Stuttgart,€3.5M,€50K
T. Ben Haim,27,Israel,70,Sparta Praha,€1.9M,€1K
T. Bingöl,24,Turkey,64,Göztepe,€600K,€5K
T. Bu Haymid,29,Saudi Arabia,66,Al Fayha,€625K,€7K
T. Ciğerci,22,Turkey,62,SpVgg Greuther Fürth,€475K,€2K
T. Ciğerci,25,Turkey,74,Galatasaray SK,€6M,€43K
T. Demirtaş,23,Turkey,58,Gençlerbirliği SK,€130K,€2K
T. Edamura,30,Japan,67,Shimizu S-Pulse,€725K,€3K
T. Endoh,23,Japan,65,Toronto FC,€725K,€2K
T. Enomoto,34,Japan,61,Urawa Red Diamonds,€100K,€2K
T. Erat,25,Azerbaijan,65,MSV Duisburg,€650K,€2K
T. Fukumitsu,25,Japan,57,Cerezo Osaka,€110K,€1K
T. Hara,18,Japan,54,Albirex Niigata,€140K,€1K
T. Harigaya,18,Japan,51,Júbilo Iwata,€80K,€1K
T. Hasegawa,23,Japan,65,Kawasaki Frontale,€800K,€2K
T. Hashiguchi,22,Japan,57,Kashiwa Reysol,€120K,€2K
T. Hayashi,34,Japan,65,Sanfrecce Hiroshima,€220K,€3K
T. Hemed,30,Israel,72,Brighton & Hove Albion,€3M,€34K
T. Hirakawa,38,Japan,60,Urawa Red Diamonds,€70K,€1K
T. Hiraoka,21,Japan,58,F.C. Tokyo,€200K,€1K
T. Iida,22,Japan,57,Shimizu S-Pulse,€120K,€1K
T. Imai,26,Japan,60,Kashiwa Reysol,€180K,€2K
T. Inui,29,Japan,78,SD Eibar,€10M,€25K
T. Inukai,24,Japan,64,Shimizu S-Pulse,€475K,€1K
T. Iwanami,23,Japan,70,Vissel Kobe,€2.1M,€5K
T. Kanai,27,Japan,62,Yokohama F. Marinos,€280K,€2K
T. Kanamori,23,Japan,65,Kashima Antlers,€800K,€4K
T. Kaçar,23,Turkey,63,Osmanlıspor,€500K,€3K
T. Kida,22,Japan,68,Yokohama F. Marinos,€1.1M,€5K
T. Kishimoto,19,Japan,57,Cerezo Osaka,€220K,€1K
T. Koga,18,Japan,56,Kashiwa Reysol,€130K,€1K
T. Lee,31,Japan,66,Urawa Red Diamonds,€575K,€4K
T. Majrashi,26,Saudi Arabia,64,Al Fayha,€475K,€6K
T. Makino,30,Japan,69,Urawa Red Diamonds,€775K,€7K
T. Marutani,28,Japan,60,Sanfrecce Hiroshima,€190K,€2K
T. Masukawa,37,Japan,61,Hokkaido Consadole Sapporo,€30K,€1K
T. Masushima,32,Japan,63,Vegalta Sendai,€210K,€2K
T. Matsumoto,18,Japan,49,Sanfrecce Hiroshima,€60K,€1K
T. Matsuura,28,Japan,61,Júbilo Iwata,€250K,€2K
T. Minamino,22,Japan,72,FC Red Bull Salzburg,€4.4M,€21K
T. Miyayoshi,24,Japan,65,Sanfrecce Hiroshima,€725K,€4K
T. Miyazaki,30,Japan,61,Júbilo Iwata,€230K,€1K
T. Moniwa,35,Japan,64,Cerezo Osaka,€110K,€1K
T. Morimoto,29,Japan,66,Kawasaki Frontale,€650K,€3K
T. Morishima,20,Japan,61,Sanfrecce Hiroshima,€375K,€2K
T. Morita,26,Japan,65,Albirex Niigata,€450K,€1K
T. Muramatsu,27,Japan,57,Shimizu S-Pulse,€90K,€1K
T. Nakamura,27,Japan,66,Júbilo Iwata,€525K,€2K
T. Nara,23,Japan,67,Kawasaki Frontale,€975K,€5K
T. Nishimura,20,Japan,59,Vegalta Sendai,€260K,€1K
T. Nozawa,35,Japan,56,Vegalta Sendai,€40K,€1K
T. Ogihara,25,Japan,60,Yokohama F. Marinos,€220K,€1K
T. Okriashvili,25,Georgia,71,FC Krasnodar,€3.1M,€26K
T. Okubo,27,Japan,60,F.C. Tokyo,€170K,€1K
T. Ominami,19,Japan,55,Júbilo Iwata,€170K,€1K
T. Onozawa,19,Japan,59,Cerezo Osaka,€325K,€1K
T. Oya,30,Japan,54,Omiya Ardija,€50K,€1K
T. Sekine,22,Japan,72,FC Ingolstadt 04,€4.4M,€14K
T. Shimakawa,27,Japan,58,Ventforet Kofu,€120K,€1K
T. Shimohira,28,Japan,62,Yokohama F. Marinos,€240K,€2K
T. Sufyani,25,Saudi Arabia,57,Ettifaq FC,€130K,€3K
T. Sugiyama,36,Japan,59,Hokkaido Consadole Sapporo,€20K,€1K
T. Takagi,26,Japan,63,Urawa Red Diamonds,€400K,€3K
T. Takagiwa,22,Japan,53,Shimizu S-Pulse,€70K,€1K
T. Tanaka,19,Japan,55,Kashima Antlers,€190K,€1K
T. Tanaka,34,Japan,59,Albirex Niigata,€80K,€1K
T. Tarcan,19,Turkey,56,Sint-Truidense VV,€140K,€1K
T. Tawatha,25,Israel,69,Eintracht Frankfurt,€1.1M,€14K
T. Tomiyama,26,Japan,64,Albirex Niigata,€550K,€2K
T. Torun,27,Turkey,74,İstanbul Başakşehir FK,€6M,€25K
T. Tsuda,36,Japan,59,Ventforet Kofu,€20K,€1K
T. Uchida,19,Japan,50,F.C. Tokyo,€60K,€1K
T. Ugajin,29,Japan,68,Urawa Red Diamonds,€875K,€8K
T. Umebachi,25,Japan,62,Kashima Antlers,€325K,€2K
T. Umesaki,30,Japan,66,Urawa Red Diamonds,€600K,€4K
T. Usami,25,Japan,74,Fortuna Düsseldorf,€7M,€23K
T. Uzan,23,Turkey,60,Rot-Weiß Erfurt,€325K,€1K
T. Wada,26,Japan,64,Omiya Ardija,€425K,€2K
T. Yalçıner,30,Turkey,66,Alanyaspor,€475K,€4K
T. Yamashita,29,Japan,63,Cerezo Osaka,€290K,€1K
T. Yanagi,19,Japan,58,F.C. Tokyo,€240K,€1K
T. Yokoyama,32,Japan,63,Hokkaido Consadole Sapporo,€210K,€1K
T. Yonemoto,26,Japan,65,F.C. Tokyo,€625K,€4K
T. Zengin,33,Turkey,73,Beşiktaş JK,€2M,€32K
T. Çamdal,26,Turkey,66,Galatasaray SK,€625K,€13K
T. Şahin,29,Turkey,68,Evkur Yeni Malatyaspor,€875K,€10K
Theo Ryuki,21,Japan,63,Portimonense SC,€600K,€1K
U. Bulut,34,Turkey,68,Kayserispor,€475K,€10K
U. Ceylan,31,Turkey,68,Alanyaspor,€550K,€7K
U. Demirok,28,Turkey,74,Trabzonspor,€4.6M,€28K
U. Gündoğan,27,Turkey,61,Galatasaray SK,€280K,€9K
U. Singh,21,India,61,,€0,
U. Singh,21,India,61,,€0,€0.00
U. Uçar,30,Turkey,69,İstanbul Başakşehir FK,€750K,€13K
U. Yuvakuran,19,Turkey,63,Beşiktaş JK,€650K,€3K
U. Zeybek,22,Turkey,66,Fenerbahçe SK,€975K,€14K
U. Çakır,21,Turkey,64,Trabzonspor,€475K,€4K
U. Çiftçi,25,Turkey,68,Gençlerbirliği SK,€925K,€10K
V. Afonin,29,Uzbekistan,71,FC Anzhi Makhachkala,€1.8M,€15K
V. Babacan,28,Turkey,79,İstanbul Başakşehir FK,€10M,€28K
V. Bora,22,Turkey,69,Atiker Konyaspor,€1.6M,€10K
V. Demirel,35,Turkey,76,Fenerbahçe SK,€1.8M,€32K
V. Denisov,30,Uzbekistan,80,Lokomotiv Moscow,€10.5M,€50K
V. Fındıklı,26,Turkey,69,Atiker Konyaspor,€1.1M,€10K
V. Galiulin,29,Uzbekistan,67,FC Tosno,€750K,€14K
V. Haroyan,24,Armenia,60,FC Ural,€240K,€4K
V. Karakuş,19,Turkey,57,Kayserispor,€180K,€1K
V. Qazaishvili,24,Georgia,75,San Jose Earthquakes,€8.5M,€8K
V. Sarı,28,Turkey,68,Kasimpaşa SK,€725K,€9K
V. Sielis,27,Cyprus,67,Gangwon FC,€650K,€4K
V. Şen,29,Turkey,75,Trabzonspor,€6.5M,€31K
W. Abdullah,31,Saudi Arabia,64,Al Nassr,€270K,€8K
W. Al Anazi,22,Saudi Arabia,62,Al Shabab,€475K,€5K
W. Al Enazi,20,Saudi Arabia,56,Al Nassr,€110K,€3K
W. Bakhashwain,27,Saudi Arabia,70,Al Ahli,€1.7M,€24K
W. Endo,24,Japan,69,Urawa Red Diamonds,€1.1M,€6K
W. Evseev,25,Kazakhstan,64,Hansa Rostock,€550K,€1K
W. Hashimoto,30,Japan,59,Vissel Kobe,€110K,€1K
W. Jakkit,20,Thailand,53,F.C. Tokyo,€130K,€1K
W. Mudhaya,25,Saudi Arabia,62,Al Qadisiyah,€375K,€3K
W. Popp,22,Japan,54,Kawasaki Frontale,€70K,€1K
W. Sasaki,20,Japan,56,F.C. Tokyo,€150K,€1K
W. Suwayyid,29,Saudi Arabia,65,Al Faisaly,€400K,€7K
Y. Abe,35,Japan,69,Urawa Red Diamonds,€450K,€6K
Y. Ahmed,23,Qatar,65,C.D. Leonesa S.A.D.,€625K,€2K
Y. Al Mosailem,33,Saudi Arabia,71,Al Ahli,€1.2M,€19K
Y. Al Musallam,31,Saudi Arabia,62,Al Raed,€200K,€4K
Y. Al Nakhli,26,Saudi Arabia,66,Al Ittihad,€625K,€10K
Y. Al Qahtani,34,Saudi Arabia,64,Al Hilal,€240K,€11K
Y. Al Salem,32,Saudi Arabia,66,Ettifaq FC,€525K,€5K
Y. Al Sawasan,27,Saudi Arabia,58,Al Batin,€100K,€2K
Y. Al Sayyah,21,Saudi Arabia,52,Al Taawoun,€60K,€1K
Y. Al Shahrani,25,Saudi Arabia,74,Al Hilal,€5.5M,€32K
Y. Al Shehri,27,Saudi Arabia,70,Al Nassr,€1.9M,€26K
Y. Aygün,21,Turkey,64,Göztepe,€450K,€3K
Y. Ayhan,35,Turkey,73,Evkur Yeni Malatyaspor,€950K,€10K
Y. Barnawi,23,Saudi Arabia,65,Al Qadisiyah,€575K,€4K
Y. Chajima,25,Japan,62,Sanfrecce Hiroshima,€375K,€3K
Y. Endo,29,Japan,68,Kashima Antlers,€875K,€8K
Y. Endo,37,Japan,72,Gamba Osaka,€425K,€6K
Y. Erdoğan,24,Turkey,73,Bursaspor,€5M,€16K
Y. Fujigaya,36,Japan,62,Gamba Osaka,€40K,€1K
Y. Fujita,34,Japan,58,Júbilo Iwata,€40K,€1K
Y. Güveli,19,Turkey,64,Fenerbahçe SK,€875K,€8K
Y. Hasegawa,29,Japan,65,Shimizu S-Pulse,€550K,€2K
Y. Hashizume,26,Japan,62,Ventforet Kofu,€325K,€1K
Y. Hiraoka,31,Japan,65,Vegalta Sendai,€375K,€2K
Y. Horigome,22,Japan,53,Albirex Niigata,€70K,€1K
Y. Horigome,24,Japan,57,Ventforet Kofu,€130K,€1K
Y. Ideguchi,20,Japan,70,Gamba Osaka,€2.5M,€7K
Y. Igawa,34,Japan,65,Kawasaki Frontale,€160K,€3K
Y. Ito,23,Japan,64,Kashima Antlers,€525K,€3K
Y. Ito,24,Japan,57,Albirex Niigata,€130K,€1K
Y. Iwakami,27,Japan,65,Omiya Ardija,€575K,€2K
Y. Kajiyama,31,Japan,64,F.C. Tokyo,€375K,€4K
Y. Kakitani,27,Japan,70,Cerezo Osaka,€1.9M,€5K
Y. Kashiwa,29,Japan,70,Sanfrecce Hiroshima,€1.7M,€10K
Y. Kashiwagi,29,Japan,71,Urawa Red Diamonds,€2.3M,€10K
Y. Kasim,26,Iraq,67,Northampton Town,€875K,€6K
Y. Kato,19,Japan,56,Omiya Ardija,€160K,€1K
Y. Kawai,27,Japan,59,Shimizu S-Pulse,€160K,€1K
Y. Khormi,19,Saudi Arabia,57,Al Ittihad,€190K,€3K
Y. Kimoto,23,Japan,59,Cerezo Osaka,€190K,€1K
Y. Kobayashi,22,Japan,64,Kashiwa Reysol,€500K,€3K
Y. Kobayashi,25,Japan,72,SC Heerenveen,€3.9M,€8K
Y. Kobayashi,29,Japan,73,Kawasaki Frontale,€4M,€11K
Y. Kobayashi,31,Japan,62,Sagan Tosu,€200K,€1K
Y. Koide,22,Japan,54,Ventforet Kofu,€80K,€1K
Y. Komai,25,Japan,70,Urawa Red Diamonds,€2.1M,€9K
Y. Konno,34,Japan,67,Gamba Osaka,€230K,€7K
Y. Kubo,23,Japan,75,KAA Gent,€9M,€20K
Y. Kurihara,33,Japan,58,Yokohama F. Marinos,€50K,€1K
Y. Kurtuluş,31,Turkey,70,Antalyaspor,€1.5M,€13K
Y. Mallı,25,Turkey,79,VfL Wolfsburg,€15.5M,€69K
Y. Maruhashi,26,Japan,65,Cerezo Osaka,€525K,€2K
Y. Maruyama,28,Japan,65,F.C. Tokyo,€450K,€3K
Y. Matsushita,23,Japan,58,Vissel Kobe,€200K,€1K
Y. Mersin,22,Turkey,57,Crawley Town,€110K,€1K
Y. Minagawa,25,Japan,62,Sanfrecce Hiroshima,€400K,€3K
Y. Misao,26,Japan,63,Kashima Antlers,€375K,€2K
Y. Movsisyan,29,Armenia,70,Real Salt Lake,€1.8M,€7K
Y. Mutō,24,Japan,76,1. FSV Mainz 05,€10.5M,€30K
Y. Mutō,28,Japan,66,Urawa Red Diamonds,€675K,€4K
Y. Nagatomo,30,Japan,73,Inter,€2.9M,€47K
Y. Nakano,24,Japan,64,Vegalta Sendai,€600K,€2K
Y. Nakasaka,19,Japan,65,Vissel Kobe,€1.2M,€2K
Y. Nakayama,20,Japan,67,Kashiwa Reysol,€1.1M,€6K
Y. Nakazawa,39,Japan,67,Yokohama F. Marinos,€50K,€4K
Y. Nishibe,36,Japan,52,Shimizu S-Pulse,€10K,€1K
Y. Nogami,26,Japan,55,Sanfrecce Hiroshima,€90K,€2K
Y. Ogawa,32,Japan,60,Albirex Niigata,€160K,€1K
Y. Okubo,35,Japan,71,F.C. Tokyo,€1.1M,€7K
Y. Ono,24,Japan,68,Sagan Tosu,€1.1M,€3K
Y. Ota,34,Japan,62,Júbilo Iwata,€150K,€1K
Y. Otayn,26,Saudi Arabia,65,Ettifaq FC,€550K,€5K
Y. Otsu,27,Japan,67,Kashiwa Reysol,€800K,€8K
Y. Rokutan,30,Japan,65,Shimizu S-Pulse,€350K,€1K
Y. Segawa,23,Japan,61,Omiya Ardija,€350K,€1K
Y. Suzuki,18,Japan,53,F.C. Tokyo,€120K,€1K
Y. Suzuki,21,Japan,67,Kashima Antlers,€1.3M,€7K
Y. Takahagi,30,Japan,69,F.C. Tokyo,€975K,€7K
Y. Takahashi,32,Japan,66,Sagan Tosu,€375K,€2K
Y. Takeoka,31,Japan,64,Kawasaki Frontale,€300K,€3K
Y. Tamura,24,Japan,62,Urawa Red Diamonds,€325K,€2K
Y. Tanaka,28,Japan,62,Hokkaido Consadole Sapporo,€240K,€1K
Y. Tanaka,31,Japan,64,Cerezo Osaka,€300K,€2K
Y. Tanaka,31,Japan,64,Ventforet Kofu,€400K,€2K
Y. Tasaka,31,Japan,66,Kawasaki Frontale,€425K,€3K
Y. Tatsuta,19,Japan,55,Shimizu S-Pulse,€170K,€1K
Y. Tokunaga,33,Japan,62,F.C. Tokyo,€120K,€2K
Y. Toyoda,32,Japan,67,Sagan Tosu,€600K,€4K
Y. Uchimura,32,Japan,48,Hokkaido Consadole Sapporo,€20K,€1K
Y. Uekusa,34,Japan,56,Shimizu S-Pulse,€40K,€1K
Y. Yazıcı,20,Turkey,74,Trabzonspor,€8.5M,€23K
Y. Yoshida,27,Japan,67,Sagan Tosu,€625K,€4K
Y. Çelik,21,Turkey,61,Antalyaspor,€350K,€3K
Y. Çetin,20,Turkey,60,Gençlerbirliği SK,€290K,€2K
Y. Öztekin,30,Turkey,74,Galatasaray SK,€5.5M,€50K
Y. Ōsako,27,Japan,77,1. FC Köln,€10.5M,€41K
Z. Al Haniti,20,Saudi Arabia,50,Ohod Club,€40K,€2K
Z. Al Sahafi,23,Saudi Arabia,63,Al Ittihad,€425K,€5K
Z. Erdal,29,Turkey,68,Medicana Sivasspor,€675K,€9K
Z. Yavru,25,Turkey,68,Gençlerbirliği SK,€875K,€10K
Z. Yıldırım,26,Turkey,71,Antalyaspor,€2.5M,€12K
